address,name_tag,label
0x83a2eb63b6cc296529468afa85dbde4a469d8b37,ml_transit_0,heist
0x31207cb6287ebc223779bb27a8596a6d2c07539e,ml_transit_1,heist
0x8484ef722627bf18ca5ae6bcf031c23e6e922b30,Polygon (Matic): Ether Bridge,"Accounts,Polygon(Matic)"
0x18988d4e3d69f33a288c745c87d6a3493d642329,ml_transit_2,heist
0xcd241a31b4bf3f8a6a27c7aea157c0c0ab23b32d,unknown service,unknown service
0x00000000fea1fab3ce021f3bedd21a94d0ba190c,unknown service,unknown service
0xd6c56d72212e21abca3615daaf7973fdae566bc6,,
0xff3728e75e218b949d691ff3a269873a7292c1e0,,
0xefa549697e83136b4c68cc9dd5b74acee7d1e80b,ml_transit_4,heist
0x1dbd11c6cd34da2625324f96950f168ec3955dc0,,
0x1de522a79da6d1033434a796dcff82713208d765,,
0xfdeda15e2922c5ed41fc1fdf36da2fb2623666b3,,
0xa2a17e361330016e320ffb21f1ae1ac1d5129eef,ml_transit_3,heist
0x1d9421d40ee257d6613614c27b89c316a89a72a5,ml_transit_4,heist
0x0000000000000000000000000000000000000000,0x0000...0000,"Accounts,Blocked"
0x8e306b005773bee6ba6a6e8972bc79d766cc15c8,,
0xe5ccfca59acd6a3dea18a97a8d12a1fc5be09b13,,
0xc12d1c73ee7dc3615ba4e37e4abfdbddfa38907e,KickToken,erc20
0xd38e3f6a94b41dee80ccf9eaa53f27d178c8bba6,,
0x82dfdb2ec1aa6003ed4acba663403d7c2127ff67,akSwap.io,erc20
0xef2e09ef6c5a335529e3b726cdce60a26e52a678,,
0xb920ae7e918b474d9a4f874257b755eaffa0639e,,
0x13906ab5fc125083e950df1ff978afc0eff1d40b,,
0xc73be564ccfde0ba73aa83096291b537eecd83c8,,
0x52d12cf29c2a60a220d551000dada43a5ed2bfe3,,
0x349202a40bd1112243f13fa85dd0f7f340bf288e,,
0x803dc9b018824362a05dc9e73fe9aae980139bdd,,
0xbac89af835379a7152e2af20821d8ab2b1440c6a,,
0x8483961f324917635003d6f3ec3944a98246851e,,
0x30543a7e1d4837a5e98e93bd171a696089a17947,,
0x150b607c01ee0ec8f855a3290417294584f1d1c8,,
0x920aacb173cf63f76b8abcbc8eaf4f2bd6dbac61,,
0x475e0180d21317616243b28fb6d3a2a53221986b,,
0x9d591ea45447d956da2e0d4777313a1d30a75dc6,,
0x1d5c43a755ba105035972c7b747ce1618b855b8f,,
0x1b80d1649d04ebc34768c1033969f0d7f60b9c8d,,
0x5321bfc2ed488e062de8d28cb1187c485097e22e,,
0x5392702985142bb6d63fae449dcc4d5a5d12c713,,
0xaf1dc6ec48137f0202f5d28d9afbb936daf99278,,
0x9ab910db3ecbb82139bbda4568524bb30e36f4b8,,
0xb712ebf85ee6138579289ae2d6cb3d54d93d194b,,
0x5bead4da6eb912f7f84f2d2d861ac8f919bd6c20,,
0x7ba41a31250b8d2017d1bbcd25f99ee4dddae972,,
0x7efcce35ba63a31d9dea2700a3d13ab56d126c08,,
0x44ba17b817dcff2aa8fc519108ac363760f80406,,
0xf13aa4009d1cd097f3edd8516bbebb2f6e350ad4,,
0xb13ad5f1ab1a6d8b306007c727d3e7b67e4d2d9f,,
0x9ed83aa7cebe769697c8fbc33a722ed1a033fced,,
0x01e33160bca2725d5d2c5126d32656acfe9cdecc,,
0xa299c1357556c7e9c75f7e3442fe7309293b5727,,
0x4a74f6591958c553f14420a1e4987882b1b7ba0b,,
0xf7e6e0bb033ef845087bd6ad0d6b3f57ee353e6f,,
0xec1ee2f26e652788c931a8c113c99e8f0031990c,,
0x88d9a6a9647386758ac2a4508ddad9180d1a8126,,
0x7b65f851b78a9f670c6047884a07a3c7a3889cf2,,
0xdc4a53ebc4627bcb5bc6ecb4b5686c85913d270b,,
0x530411ac1578c5f18f1e954760b850f718fcc7a7,,
0xa37cfa1203e19d2da3553cc47a0acf1dfb80c3e4,,
0x0cf5ea50f6371c926c7d795deee61fb8fc08e341,,
0xb872d033f0f608648ff4a26c32e052463a0ba9ee,,
0x7bf45e9b76f95ef2d4ec562ab0dc1d442bea442b,,
0x2c40164944761ac02712e033711417a3e1baefbe,,
0x74b62a54b665446f93c9e6a630f14fe6736d99f3,,
0x40ac427b7321eca032cd6b15f0fd06c20ce30622,,
0x6868daa64e002507f4cfcffc010c7d04a0aa6544,,
0x0f45a8a78202566201901651a326709fde2e3d7f,,
0x955061f1ba3e1d29f74d38cf5c83f3130054152f,,
0xde507898f835754cbf6b29597b8b32431fec864d,,
0xc341f75c5c926789840827e05a3fadd638c7aeae,,
0xf0375f61f1d0425130c3b5649f18454c4e52ef26,,
0xea638b7d386c8db233833fa5c0317809f1c4df60,,
0xea1061798da95960fce4fb0fe5e8276e43c1b1d3,,
0xb48f20486bd8c8f63b86b8037611686f2b36b6d4,,
0xfee78c36fb6db15ed0ff06a23ab53da26ca45ff7,,
0x64bdd405788d84eba9312a1e0ce426a3eb928140,,
0xc1afcbe8d2d57860fa8e13ed4a37809a7ad67b1f,,
0xe66cb5b190622af69aef531986aab58915cc006d,,
0xc44d89dcdeec0fb4b173153076c12bcd4ba532dc,,
0x7e8cfe66c9fcaab9b49d2b22869dd772483c9fdb,,
0x0820f3d915768bc6a9e3b46cdb55c105f84d893d,,
0x580556fc570440a41ae40803497d090c7026299b,,
0x88f16bc8a83be973db5d6aa38db008eb2512e7ca,,
0xb15914352d1df2580f58a53139894f42c4b6204e,,
0x983e7186f8c48fb8378916509e8ec5150d28af71,,
0x0f9bac3bac97e58cb631061992b943833978d009,,
0xd1ebec74f5f4b082d07e32dcd91327e292d578da,,
0xff57f54a502292bafb8d9632a869675bd8ff6494,,
0x77a458067fa6efbde69f5538b0c8e5fda92c2d5b,,
0x884ebfa39f1c76559d41c9937bb45eb735d1b7af,,
0xed688069018a65349b1914a6f30282704ebfc111,,
0xaf7139b92c28954a67c369489edb5735ce6fe802,,
0x6c95c85df5b66b3ffc3c597a3a73b7b00bd7d1a1,,
0x63d195116a9bc78f28d1b68510b366e22d09d646,,
0xe8272954e5fc4f884f850aaf8e65233577248b04,,
0xd9b1cdf14941f1cae517a792001fe973e5c4823c,,
0x5294cab4a8165a557cff1e6b36aca63cb381c31b,,
0x48e79a349661dc6123bb47a86a69759227939349,,
0xe761e25bbe36fcd03dc23062089ac772bf69f2a4,,
0xea0b604ece76f9b992d9f1ec1ccc4a6e06cbedba,,
0x2384db1e414fdde7dcf31a72eb14918df8cb86f5,,
0x3ff3ebe5261d6b55c5bf795a9b72dd7fd618195e,,
0xf9458ab018df4b603273739f9881708eecbb9f07,,
0xb6be90e597abafe7b0a027e9ae6449e1ac0aa65f,,
0x1193cfcde2ed2bc221519f3f18ab2c78c968aec3,,
0xcc939588d1d6473a54ee54af7ea3ad0e2cbeaabf,,
0x4f0a233253a86a7b1eb80597e05b03ffc7caeba8,,
0x866ecbeb8b54a9d42c039f88055f390454430545,,
0xe16d6dbde9f86689c13d7756a393646948bff20d,,
0x227f1c2f915b565c60b582e1814e81093db1ba48,,
0x45a71d9d8502bd42e402c6e04891edd9ec77292e,,
0x69da804e2c00b37d5fb072213b285d91cb70160f,,
0x34f5c52cea9ba4d4966d0053970497944ad21e0c,,
0x4316f0bfbef22d10062f20f88dc7f3abfa89e560,,
0xe18fd75c724f6dc39772e9eadd9936c9bd30959d,,
0xf3cd625b3bad8577458f20db1a31c6e28caaa07a,,
0x332b27d7e96de808bcd8fc9e1064a321ba2fba9a,,
0xd741c8377b1a5b0f173a025b7219b1b7bdd114ca,,
0xd21dc0403b4fa1ba89129273d0bd8cfcbb9dcfc2,,
0x45f3dfbe8e297b178db4b757710a01ed527c8078,,
0x007040ac87e8c4b4a94c6008fc015c4e1abe22bb,,
0x8b3e67d5d0c418e372849d57f1f62fc4e93518a9,,
0x6c587fd35cff2bd006b33fa81e1c48e702806379,,
0x33a0c8cd96f252087f87f027d9e2ff2e026025ba,,
0x5ad06cd87e0910a6ab7ffc3a21ce97031c2facec,,
0xa517fc120c0f9ff8cfe410d024ad2543928c2b51,,
0xb18d4891fb934619e4a8e5a720bd6b4a06a40a07,,
0x280be428aad3a50b5d889777eeb531a9267e95e2,,
0x5839c99b33221b84bf265742dbf853fab884f352,,
0x1b6d786a90a8c3f18cc79f58b98ad045429e9d27,,
0xdf8c9f4adf342a8669ac4006b6678a3509b1ad6a,,
0x7fe07cb85233dc7581b6b9fe574293b918a5838e,,
0x9776df6e7b53544c1043931bdb745e407ce249d4,,
0x77491d9a924600a5fb5691880eb3a9a63ee6d34f,,
0xf68efec00722aad56c8ae92b7f4b74987f3dfac6,,
0x9c2d57612992274152c6272afa1f1ea96d647ad6,,
0x1e9b65cdab08d9124db1af5b4855c1d14525a70a,,
0x40b81d784c80f06db8078c37248d6fc67e391dd3,,
0x9154bd1e8ca934dcac3c5e5091e467c34127144f,,
0xe77cf788cc85d186f6135ca5ae5df6c351dd8d6b,,
0x18133fa41be00fc6cce29bb8173893014e814e18,,
0x526b7120ab951562905126e43b12eedf76894b1b,,
0x33d59aaa3093e27d33ffefee27659f8076381e9e,,
0x07ffd75846afac7bb7912d642bede8bc0f78f469,,
0x9b54baf3be3e96e1c986f38100e3af8699215a62,,
0xe555af4708fbe0b2553c464cacd838273927931e,,
0xcd3d7ae43ab244f6523d2e9852cb473ba37b8902,,
0x47d8d88f85ac4c0bc69f4c828f466e3a8554c658,,
0xc20f51b651d00fd0a0e966320ae510f05448f7be,,
0xd57a02b0db2bbe18dd6be92bbfe65c79ab88c386,,
0x05f25f8218317411832ed3ebea9225a4ca20ebc0,,
0xe584666e65c793c9babbd013c7a08b162e74fe71,,
0x5af16f1e4252fb10c79680e834c984984975aa6d,,
0xacce2fa9171a409d421664a9e35f6f2b1733763d,,
0x543c2376d8f94fde917df46eb730dc0bcd5c6787,,
0x1cc29e4b0aae5fb9f631538c8198a46cee579a09,,
0x41ba29988b30149e88248ef0a57b695fdabcd09f,,
0x93e2ae725d240e685c6f2e0727cad14902dd965a,,
0x97ad9736bb874a99dd157398a56060337ee3dc15,,
0xa03a39602b5539a866d5b3afe90a73a68511fbdf,,
0x007a60dbd1f843a9b169aaa9a36c1caf3eb3d60e,,
0xca6be3f5e568a7ec72bca8030e0e0c2e903f34e7,,
0x67cc9764a584ca7282cd76765dc5edcf41bfff13,,
0x33af1c92ed071f6e0ae37555d71b9c66e856b214,,
0x3a5f5046cefa6d1cd91e8959f1844466616e7c5c,,
0x9a53ccebe70b3e664620952a676f631b5d0231b1,,
0xf538e0934545466053344abfabff1ebd5461c22f,,
0x888bb1caa21d7c7e8f5612fcc6ecaf8a57733c09,,
0x342484dbd9e21aa8c2d6aebb13653618b35a71ae,,
0x4af4e6d1cfeb7cae017bf0c3f3a29e3cb09a6af1,,
0xeb875ec86745a9ebcd127afc9f1c3de73da7d703,,
0xfafe7f948b34a5e46c4ec8ca7742870d8166c8f4,,
0x59cf461169e556e3d3a21621516db845c8d78764,,
0x2927590a6c9d9c27594fe397366efb04830d2de8,,
0xc471e9a7914c9d6c499eb149f3c24f54609afd2c,,
0x1c697eb7f41a6c70c8427e01fd807530abd01401,,
0x3df7bbf8b5806bfe2f4287a191c2c1be4d4e316b,,
0xa6498a6003444116581212b8a0c7b169881e6456,,
0x1cc5086199d6c37d134336b36707eef2efa1bbe3,,
0x9682c22f9f4f674943f7829b7f658f5101486d6b,,
0xe3710792c94b9cce4efb19734fea79856e906d7a,,
0xdf2cdeb1e13a7283ffed06f4bdb63f5271ed1331,,
0xa03b1fd77e5a2bc7f95f54d47a0f6d744f88ad95,,
0xe3514669e4035f70d922832d4cb6e15c32d586ce,,
0xd2f1dfef94a85b2cebbb7189d513239c16fbf1d6,,
0x301422d0c23297be4feb47417d3cd0e4145ba19e,,
0x8f87462c7a93af14c5935742c6c20b2a7f966e18,,
0x996d53fc4d98b64caf7bcd21daa8d4d8271f751b,,
0x39ebf21069abcd4e271cb040826c6cca8af6b3e8,,
0x37e8daf665d74d1f0fe6a0899c761dcbca7e3349,,
0xc8746dfdff63b534ac065764e47d028439d5ea5c,,
0x80742f2ef8d68f6acf0c3dbb84fc4ff165fa5133,,
0x636f4c4439fc17bf705a7fd6dfec972deab7155e,,
0xde90ec4e9619b77bb12776e2bc9fa66af7d42746,,
0xd0beb0ca4a9d90af8debe014e16331b3d0cdf38b,,
0xe69623d038afa29161f134aacc4f19f00f9bed9d,,
0xbad98236a1c534a0f1412d0b538cbfb9380d3cb7,,
0xba1e12eb961fac6cac42fcabad5ecf9e893830e0,,
0x3332b65ebdbd08c9b1c769a5ec614c8b2913ee21,,
0x200800bfe59c042a9cba51a20dd679a60dee987e,,
0xfee97dd7e2043465aaa254683f556e4a9e667af2,,
0x5e2c96f5490e5ef136f183e9aa6f70b91745dbdd,,
0xf1eaa887c81c46a9e42b6c9b0f13761ab7b7f5b9,,
0x52c8ef9350d2b34d7cda7fc85d609e37bc42b9e9,,
0x7898b2f93de7c27146876be799574f996531c2ad,,
0x5a3dcb45451d95cf4c9b76c4307e360eddc9e9ff,,
0x52d90a7b362e440d980f40e6078712f7d5308ebe,,
0x4cfc2aedce999cc4280927e73255b3c0af12e88a,,
0xe4a299037fda97f84fa7f5b885fb3ce34e9b741a,,
0xec2b7c5eb22659a48bd9d6af9871779df20112fd,,
0x683582f940ee92e9064a8eb94437691130c90d77,,
0x6fdabe3d07880a10ca3abc7db50e0159da813d45,,
0xf40f8446799592cc08853cc25f9b697ba45f9107,,
0x4c5ed2d6613650be3f2bfe07b9bb9e5b4802edf1,,
0x5180a7f3b55a6d043bd44bf4204c43aab5895863,,
0xd66de16ea65b7a960ab09f01ea2cae3c8fc7d39c,,
0xbd68232846bf34f58b0256256db5b7058ee1dd21,,
0x5a8ee6faf8342f7ed0306c9fe4e2c2bde01c9fb3,,
0xdb7277218e5a0a9a7b986b21388b9a27430c206c,,
0x62cfc95147e269f6b8e9bd1859fb40316f1e4262,,
0x6af98fe1d969af506b125af1276a2746ca3bd21b,,
0xbd03b0ebb44fa2a66c17508b7f959e29b0b32a2d,,
0xd50a688ea2271d747395a1cb0a3d12060cf0ac1c,,
0x0c092168f0288464a610c937977272fe2fcab9c1,,
0xe307ec565d0f0d499ed0a3cf1b8103ebd066f9ea,,
0xa7ceab3ab39ceb55bfaf28b9ea04003dad45858b,,
0x4400fd1a3596edb0dc128dc68cee56c95930a805,,
0x6cd279f74ce63dd8163b52f61885ada55630320d,,
0x66f7f1279ca75e09282399982a459f38617ec216,,
0x24f7a355b0b69ff36726166a2d3a9e999c7fd4af,,
0x1238f5f66920f76af09ab44c8666d5820b439728,,
0x528a4212ec98b5ea81bf836c25353321d9db750d,,
0xd52e76d4f13ccb9ea1561996197a075663968c85,,
0xbe84a235e92da498dfd62175ec872f474424ae4a,,
0x660c60b3f43ed8ee6555e7d74b8b6e8e392871cb,,
0xd71b5e635441edb60d3033d9222c779f82e1993f,,
0x804722774af6f6d411c5747680c4a7d895f6d723,,
0x8725adbcd50607163c0587d6153cd2f2f3dd4e0c,,
0x812edd390482bd80acd27797e89cbee8fca99fb0,,
0x6456caa37d92c49edc8642f046ed20b7eee71bda,,
0x03c57be33be5694275e86c16079c31fb87ac7cb2,,
0x92a3769dff0f023c07a3a708f3687c6000613291,,
0x622f8ed0af790f181d98449f344f2b649e325c4a,,
0x83563996419cb5a38279004f28cda7ceff5f8f6f,,
0x9d849c5fbd9a3958c2a61697f3b13d4e66d127b8,,
0x65a4317b3d7c17c49bb36f1dc6e139013036f9c7,,
0xf1aafe28084a1cabf29dfd93f34279de15fc91e2,,
0x0453c4f0f782c6f820b0e996994c6b34af68bfdf,,
0x2b775e27bc988eefb288866b93d1afc078330a8d,,
0x1101506341c49d3c69be9b4fa34a1f8c8913739e,,
0xf940d48eda9d1da5e08ff00372aac6525c41b96a,,
0x41f9f705c992d2a718b3f758480a34207d0e8599,,
0xfe872fa83e65706f731c9bf86833690967152b14,,
0x1a2e96229bd13169253d7106acedd541ce710878,,
0x9e8582b11111d0943859589b4d75c76be6dea713,,
0xb02d4d062bc8e4f93fef35405540d8ee5bb9bd45,,
0x740a8bb52770b12c8d914f3767af2a7ce5ab342e,,
0x5ac044a3fffef0511a29767fdde10b90690415b7,,
0x07b1b0e3c31dacfa537b990837e56496da5309a2,,
0x9256a19f9eb651fe318ccf2e3732d53dfedd04f6,,
0xf538a864abf991bf5f08bba956b605c68222fcfc,,
0x1002b670cc04c8826bfbd32ab924b7d766da0984,,
0x68a1c5e8333ecfb2aee515ecb8151d72c206f786,,
0x00f82410737cef041bb1f15fbcb3c42f43ded7d3,,
0x54801e6ca6ca4817cd8678384f9cf88eae72fdd4,,
0xdd7f882552fa3e4d25e7ff38f36ef6fbaed5ade5,,
0x47f449d67f170f2710d7fbf22abd038d5b7c348f,,
0x00f5155d561a9f142d2de284f7b57158bab5d9c6,,
0xc59f55909cd6d0d68971bcf65696ac19af67c19f,,
0x5a239891b033a1c7cdb9bb1e4d6041a4371104f6,,
0xea17d76db09186a0e0fff4dd847479f7785d507c,,
0x6bec47d7c102ccbb903ed66e72cba9f3a036cc8b,,
0xcf9138ae3211794ff1b6da81e1ba9566b4bade8a,,
0x625763fe4a09203b6807d1271def3a41adeca8ea,,
0x1808a6a7be4138ccb0a4a988a4bf5439b8b6ed44,,
0x653e673c4588b9517baf90151e49b0296ee654cd,,
0x8e5ece1b4f777929f203072c84823a32be1dea1a,,
0x04d31b035fd75fea02001fe3a854f34bd001656b,,
0x4d6efcd8bb2638656a398754b9817260f079d22e,,
0xa191c2a8502d05b72290cdf190d396ae09a8eba3,,
0xde4e4d5eba32220fe658030626b46a0f2bc51c6e,,
0xe43ebbceb97732dd5501c1b0260a7809783012aa,,
0xdb36801205fedac4d823cd98afbab12a6230e6cf,,
0x7b3f019c1ca749198edcc89dda38662d7c945e48,,
0x7df8f74ad019dd8915861639c3f1a7962ef13fe2,,
0x621374c1517395343dd9d87560da9d905ac8ab17,,
0xd1dfb8994540a1eed1765958dc9a73c94a081043,,
0x8b092fcba293987be11c23a4cbfe7abeb41ff677,,
0x2e9a93a46cbea7e1dadb163bf61b8b9258a56e24,,
0x7379d7278251ed24f50de9e087dd698cbbba7a5b,,
0xe486d9b89792dd9c06e748bdbed4e39d5ef22b34,,
0xb64bc1bae4bddcad08f0c2cf6e33ea1476493448,,
0x3205679b69742d210b2a70b9a0fa93fd00452333,,
0x0fe68d4e5834d843b2fe108b12cb9c3f8438753d,,
0x4355d655b006d99633f81e2b5a19dff66a943884,,
0xbdbe2d69251fb8ff08b471975b8313b009914021,,
0xaddb6fd1f4f15cd912a0ce8560307f7e515559e4,,
0x0d42855774f3a8fd90254d8bad77ba8f7a588d99,,
0xdc2ee973178042ab915185933c7812d2a5419df5,,
0x134d381223d07a4dbd5d9c6768de34a534f082c0,,
0xc62f59c817cdefd06ebfb1d07aebeb8cc472d31b,,
0x45223614e9e355a9ea921d1782df1cb3314adcf9,,
0x09c7f2dcc002aa5ad64be5162c2e06a03905d0d6,,
0xd67cb139309ae55db3e73bb4b9ad47cf012c2225,,
0xa6d4e716d6b85cc3c3a9b46ede6501a96662153f,,
0x96c1555f592a260bc1fefe3ae8050b2dd5534a3e,,
0xc4e1947839c66331e9b3d21752ddf8ad0d5aeace,,
0x27154b5d137db7c63787d9ebd3897000afef317d,,
0xdb70b1c2432cdf24725eb997cdbac484c93b2d87,,
0x76dbe543629bb748a6ac662f08a6e78ac312a01f,,
0x9a3ae8575e008ab943d5625612ded99c8ac0b86b,,
0x67f1ef013f55b8a60933dee0e4dbcf0a6cffe75c,,
0x642bb0a169a98a1e307c107d788362ae46cadfa5,,
0x89c11a1652671f04a206fd00f77c4693d9e0f982,,
0x4a0a2af3b194a8ed3a729c1c3c313b425c554bc9,,
0x9982c51feac3ba0ff1b229a81d9b69e65d973abe,,
0xd94549a8b225ea50159b6eea5842914c0cddf2ed,,
0x3c5a6e2afbb860001240c2a4cbda0c2718d853ba,,
0xe4c8aea0bdb1aa098e6542991956093622151bc5,,
0xd66c943194859c702e3d3fc4c2f5cd258a3f2dbf,,
0x2441374dda642602828126479ddba3dac90823ba,,
0x7f9c9316a2af4dc1490b300022a918ac07ffb579,,
0xb8ab040d6336e776d042dc8dd984c36a3770afde,,
0x95da28c568cb58d7a03e25dbbdbeb7ba44aaa306,,
0xfa856ce11811e5fb992bc8025a97d79a51675e58,,
0x9deec0e53e22784263861b4d57dae76f5971844a,,
0x7686c0f37137d32620e29555aa47f51626ce86ba,,
0xcd35039b09f1fc5dd20c6aeead1778cbeb86e73d,,
0xdd8a889221a88c39d9135ed7efbf5a7e8d0b4813,,
0x57516d96a68caa14f529ced65d80d6a81f8a0001,,
0xc46310d2b6977faf66c2c90140f98a6a2809b69b,,
0xa79036d373e9b7d8144ca467bf9373639d048680,,
0x90833d1f4d64f529fd330ebedcfe0f45699db7bd,,
0x16dc6b07831b5a6c79c0d3be1d7361054cbcceea,,
0x8883f411131e194e01381db07dad0250331cd2de,,
0x1f2365cbf5f94f25d31dc4e17c7bb41386b88315,,
0xb6cd4f625bd8694d109fe3cba86b032909d2d58a,,
0xb2eae5b810b4db2e4f88d6f66bfa52a65e1e7265,,
0xb5d89b0cc30976d419e023649755415d74b8e44b,,
0x13ee1b0ba45ee4fdf27485f47c18abee4a38cbe4,,
0x09bc01818111b862957af47c5f41fbbda1762494,,
0x35843a6314e0b94d20276cfa3a2c93687ae6002e,,
0xa1ba0456acd7279f3c96489fd2bfdd4311893f81,,
0xb5c1e3e634b54c38305eb06cfb8e88efdcbedbeb,,
0x8cd723c73f7c71fa3c3ca9c3c91f6efde57e227a,,
0x5ab97039e0b65b7febfacb231f3699ca7f4c0788,,
0x5549605bb62f955556430fa2c58ca4dd8967f491,,
0x48d516fe2902a73b0d4107947740470817f6b10e,,
0x44e40699ca8f647b0ea4bd546432f98dd01f4ff4,,
0xff3a317555e915d3582670b598cbfb2833cefc9c,,
0x005d4721cc2c852410e112003f2d921d43f2fc6f,,
0xb22134b4540a4226c8d81d641d9417c0d937c9a7,,
0x1c06361583ea89a52d18784356fc8f5f99368556,,
0xa857995cb41a8be477786adc923e404f35baffbc,,
0x154ad00a4989b824de9bbe57d81277114a4e8cf0,,
0x9c833f98a898e10b95b73fc9be56fdb4563e01fa,,
0xf51b69e78e55331de8fd3441178d1baaa70bb714,,
0x480861efe637a14bbea802378091ce716670d1f6,,
0x1869dbac786d2c37c1d466aaf4bbd2fed779bded,,
0x1bf7f9b4d54646517ad1b379f32bd77f182f58ca,,
0x4b7899825fee00c2024de5d23d65781fa9f89c99,,
0xac0dac898733f5cd33365d0bd02288db904ac609,,
0x84cf8256aea13b3144f03c72a79e6cd0d8f1e0e6,,
0x4d594c51210045f8ad4f9e23cfc31b3f26fe58ff,,
0xa63682f4d600c77c9816b27b5e8c21000ef58685,,
0x17dac66e393a28fd167335d646a1d7f50c4a6f0c,,
0xc6fd4f8bef74eea7b12f3a11cfd8713699ea069d,,
0xdcaacbf1ebd482651f0cecfde94d793225de785d,,
0xab770cd709aac5a5065ff03a092178351569bb89,,
0xc6e59ef57618471fab8a21e92962c725928fef41,,
0xb10232ab930b4af1895ec9fed3e3383c88050e96,,
0x4b55c105909a1037e9f435de97c68f15d49ed1bf,,
0x2440378db5e95e21cb1a4057e533969613932e49,,
0xa5331a037cadd64dc2056d7156800d53ad232cf1,,
0x6eaa88805080f05a05818048a7977827da29cdf0,,
0x1a4304a0ca3db3f1109d1c7f1905aa06700586fc,,
0x25679770f31c06e634e442a63a07a37867f7c081,,
0xeb1c4ebae87cd267f4c1faa2bb69624ecd7fb49d,,
0xc91f43b9dba1fadf9c7199c2a539eac5e6c5aef6,,
0x7bd646457147fb1c309a7ffdaf75d0340f427b22,,
0x1705e3d6fc5ac72b49649fb1b631de83b9d8bea7,,
0xcb3e7699c8aa4513c42885e4511f174fdd70308b,,
0xbc9b8ce4b50929a774abcbec746c7c6b0c66ac22,,
0xb8f90bb0cb1125572c34e08bcb1b3ff536f72c41,,
0x8ef54f59f087a0021cc76e3af177e355ee924bdd,,
0x5a8cdc465fba0f4dc27ab2b6da321afebbe5a0aa,,
0x7e1a325cca79eed18d2c9dd9c14ce2ef8ad0143e,,
0x09c7ed8468ec869b7bec48c958637fa763303e96,,
0x050cd44d002b245c4931f7be99e774dba6220939,,
0xcafd6202fe988c7355d7340bce23089b05258859,,
0x5c97dc16093eb552163a53e66dd9ead274f07167,,
0xf95dcec64df923b869d66a8a51f934ba604ebc01,,
0xab3e89915f327a3121c897c7d04cbf632a31db6d,,
0x88c7da6da37f27f26f90acd960dce2ce3801b7dd,,
0xd5fd6ffc3ac9de67f84df3ccd671ee4b5cf6547b,,
0x489d64d8fe5a3d83d9b2aa700db770354ab0eb95,,
0xe2528a8b819e8b2e0b40e20c21f7a332b9be477d,,
0x01a892e24bccc802292dd5b06313becb03604a8a,,
0x1f57998cb7da785860af171f06f68f1c8a571bc4,,
0x79655b3f113a404bdfc536ed61a1b2d28e52f765,,
0x022c37f9712fb233e63cc26b21322edb6a140f7d,,
0x7f9f8825f3e607f047277d3d92ae3843e5a9157e,,
0xd43eba6daeb7bef8f1702f9bf96a5f8a942b5940,,
0x6e5ba7f34dd568b8fae496d17b0bd48d1c398085,,
0xec32984fe39ea932287d97f4fcac5635a8286c5f,,
0x2408723207c26f6a4712a1a9929d7cc04a12426b,,
0xa670fcc95b57363aef3bdd04417f55e1044b20f2,,
0x032a5e760593a3fe285cb4bcb040cff3a105bff2,,
0xa2e552e67ce83df8d1d868c089a362db734598be,,
0xb808b8dba149a052e27393048db81334d254e231,,
0xde1868cb4890f5fdc0c43387e64f0ee59a4ffb5c,,
0x3fb8bbee13b17be25f9b1fdfb1f3202cb68837ad,,
0x01dbdd2d49d30d5d80914bc311334eba6ca8c984,,
0x5681d8b443fe759a51da28db45e7d5df02da7ed6,,
0x857871efc3ca0a51ecf4feff196b8e4c3ecfea83,,
0xb99e68b21a468ffcbfcd0186b5dabbc10037f3ba,,
0x2854c30a24c7ab8cb3dbb508e4f9488ce14c2dcf,,
0xbc2ac9b8b377c2e6921451dabae41dc77ffff46d,,
0x261af08f2da1f0323d46303a1725b38fa364796e,,
0x30832685b2f57df205720454eac505566ebc1168,,
0x9f825b1181bb24a5555318f90102f45c9d737aff,,
0x1c2f9046cf352c6a307cb259990ed166e624a99b,,
0x2c7ade6ed1daf8b0d1dcf273484cbbff56009095,,
0x1a58d59b387145cfae6645d62f37adf1ae1cb7d4,,
0x0d70cedca03a27e4bb68624982302810ee83cbb3,,
0x5ea8cfd6c131ea8abfbdd8e52c791efdd805ee73,,
0x16d1b4a3e5795cc7e1c35d21c956070fc6f72251,,
0xa5eebbb229ee37c5766e1ff90c9ab5e8a67966e1,,
0x4e438acd6953d9eb3cb8f835fe365ec45fe227d3,,
0x7faaec7d3cacc98d8e4f0e87d639abc81f26faa8,,
0xd704514238a22da3184019cd5bfc888ceae644ac,,
0xf60c2ea62edbfe808163751dd0d8693dcb30019c,unknown service,unknown service
0xbf3f6477dbd514ef85b7d3ec6ac2205fd0962039,unknown service,unknown service
0xf59c2e9d4ab5736a1813738e5aa5c3f5eaf94d9e,,
0x0c08d0fe35515f191fc8f0811cadcfc6b2615b74,,
0x305990151e30087f81299d099c2a910edc57d369,Uniswap V2: EASY-USDC,Uniswap
0x77beb16e4db0686e36dbf01142685275785775ed,,
0x40ec5b33f54e0e8a33a975908c5ba1c14e5bbbdf,Polygon (Matic): ERC20 Bridge,"Accounts,Polygon(Matic)"
0x265102c23d137b1a256ae7376fda72bdb538562f,,
0xdb38ae75c5f44276803345f7f02e95a0aeef5944,1inch v3: Router,exchange
0xceff51756c56ceffca006cd410b03ffc46dd3a58,SushiSwap LP Token,erc20
0xb4e16d0168e52d35cacd2c6185b44281ec28c9dc,Uniswap V2,erc20
0x22f9dcf4647084d6c31b2765f6910cd85c178c18,,
0xae461ca67b15dc8dc81ce7615e0320da1a9ab8d5,Uniswap V2: DAI-USDC,Uniswap
0x0000000000007f150bd6f54c40a34d7c3d5e9f56,MEV Bot: 0x000...f56,"Accounts,MEVBot"
0x000000000075a43abafc7c8ac407c6ce74f3cc28,unknown service,unknown service
0xb022ad182adb8f27620c0670dd7a74838f5180c8,unknown service,unknown service
0x0000000000000eb4ec62758aae93400b3e5f7f18,unknown service,unknown service
0x2df3c27529d972dae05152aa95e28dc17b3dade6,,
0x51803b276235bc450f73459d0530664aa39f6b9a,,
0x214bd378c530e3ba465bc32a6d45dfa863543105,,
0x3041cbd36888becc7bbcbc0045e3b1f144466f5f,Uniswap V2: USDC-USDT,Uniswap
0x819de42d3ab832eaf7111a222a8a5a7419f13b48,Uniswap V2: ROUTE-USDC,Uniswap
0xb3c9669a5706477a2b237d98edb9b57678926f04,unknown service,unknown service
0xdfd5293d8e347dfe59e90efd55b2956a1343963d,Binance 16,exchange
0x31499e03303dd75851a1738e88972cd998337403,ml_transit_1,heist
0xcce8d59affdd93be338fc77fa0a298c2cb65da59,Bilaxy 2,exchange
0xd1c80c614f8cb56c21da35dade64fb4b9cfc4fa3,,
0xd200ef2bc40d3db40fd70f4d03ec067331bd1295,,
0x0c120b9a8d40fcfee1718853ea37b78ad1887abe,,
0x9b495f8450a66c2fa3b1218dac9d5be0ee0dfb53,,
0x7abe0ce388281d2acf297cb089caef3819b13448,unknown service,unknown service
0x0458963819088f402bc618ef3c1b47149d36d4e3,ml_transit_5,heist
0x1aa6eb6e5752cc57fd32c91c089083f7ac99c912,,
0x3287193ab119027ebcfdc88ef4485130cdcf681d,,
0x15c787fa03feabecf582b2ad6464d93bf3e24f19,,
0xa3874d11ff2608dc04497e4150e0879936acec1d,,
0xe23a7741a5e9500f7a1de4b246d1f7f29f81605f,,
0xaefe322184a1f6b2e5b65b8a6ab8baa5f0e60cce,,
0x217a7d0ac6573b0f013e12f92b6d5b250fa15d97,,
0x5d264e24cbade84e149aa87e3338cfd9720cbb0b,,
0x000000000000006f6502b7f2bbac8c30a3f67e9a,,
0x0000000000005117dd3a72e64a705198753fdd54,,
0x0000000000c9b1dde987a6abe20a2af8d9e636d9,,
0x0000000094acb89a43eac2fbb3a07973efc2435c,,
0x3d71d79c224998e608d03c5ec9b405e7a38505f0,,
0xc0a70f78e6585677ef6bbd0c9fcfa9a85f4ae81b,,
0x7a250d5630b4cf539739df2c5dacb4c659f2488d,Uniswap V2: Router 2,Uniswap
0x9f319e265b8189b5b5c2152cacc791b95b3da180,Uniswap V2: SHAKE-MILK2,Uniswap
0x81fbef4704776cc5bba0a5df3a90056d2c6900b3,Uniswap V2,erc20
0xa05e59b4a1b004f2133764e79571839773441247,,
0xa7efae728d2936e78bda97dc267687568dd593f3,OKEx 3,exchange
0x63e5b223a8d880d60bffee57975c37781a419e63,,
0x0864b5ef4d8086cd0062306f39adea5da5bd2603,,
0x064fb5c6082eaf1b6b6fdf097648ffe7a7226606,,
0x0adab45946372c2be1b94eead4b385210a8ebf0b,,
0xbc8d089824461048a06d300dff88bb7357d88b3b,,
0x52a258ed593c793251a89bfd36cae158ee9fc4f8,,
0x85b931a32a0725be14285b66f1a22178c672d69b,Binance 10,exchange
0x17ddd00ed01277bd76718751029fd824088e0e5a,,
0xa29bd5815aea7ac88e9f3aadd8f477675edad404,,
0x66cae7b37d2fd34d1d3dcdf919045bf5775510c0,,
0x437147da920714fec4822f0666d940945f9c972b,,
0xd9fa8dbce2e06f0de3bc2a66c2d1a43a9035b981,,
0x860dc1b24f96f59f4ec25ca439bcb9cdd6c1a7b0,,
0x74de5d4fcbf63e00296fd95d33236b9794016631,,
0x7be8076f4ea4a4ad08075c2508e481d6c946d12b,OpenSea,"Accounts,OpenSea"
0xa8aaed26ca4e3a401f1fb7ea1ac56253b946e031,ml_transit_2,heist
0xae245fe4781b5ad3a974c25ab178d55cf7a2f63d,ml_transit_4,heist
0x572359cf2bb0d61dbee68f511d552e8fe1046a66,unknown service,unknown service
0x8074fb35c5d941861d54a0f63817536fe0a91acb,,
0x4ff94713630d82603929760751f871ba8098494b,,
0x970f1c2301618714c19d727a0d113e41249b2f2e,,
0x13e625ab7a1efc68b19d3b1bdd7eab9dca830f6f,,
0xbb53f122ed2fd37e526a040c745f2ae99066fa26,,
0x1bdff3e0efdabe5ab656c846aceb7ad4a9fc1734,,
0x2c304c9ff7385c443989b6681c518b0b9dd1b04a,,
0x05f32ee2b586b6fc2ecc12f2374f7983ac0febb5,,
0x2eb0af27b9c1dea0d04bcbf00610f9dcd8e3b0d0,,
0xe4b47428747f2cc7ad0e65dfb3e53b3cc89305ed,,
0x660959422ee2c3ee157e5bf9fe35e9bd051dc907,,
0x34c32e5ae501a84089d4584515b74af43b4feaba,,
0x78ce6b881d11db4e7c8564546a0c19e1b042c32f,,
0xb1b2c784577a732869bef248292efed9e1285987,,
0xad55986b0b8b30a342ce5bcd92181f0fed2c4d38,,
0xbf0de2da2e655ff8947fe13d9aa46cef4d7c9af1,,
0xafce1990905c1e61bd020bc9319868c8f0562a77,,
0xcab65cf7ff0137ce4f68906f7ed300be9fb37cfe,,
0xc44f5d6cf5d52398eca054ff9cb88708b519b10f,,
0x5bee36edb63215cd92ed06631e6e8216fc224d35,,
0x5b2538d4754a2ca72f41a88eff17d9a1e9e3c75c,,
0xaf7cd3bb480974c9e51ad2bc1dfff5127e6d1818,,
0xc6a028c60d7a2d258f5e366259f045b6bc3973c9,,
0xe5e98423bf123f51e816a3de761ec68ff10f827d,,
0x5bec741b5d6499ba77697e9a6d39e5669fb08c0c,,
0x84f4b775aeacb6f8d3048ba97e22c3ab7406bac3,,
0x92baa2e0c3980777d832aa99f9ed07116581bec2,,
0xec2ffdd5ef1c51f7bf467cda7880950519442bd4,,
0x32be343b94f860124dc4fee278fdcbd38c102d88,Poloniex,exchange
0xd94c9ff168dc6aebf9b6cc86deff54f3fb0afc33,Yunbi 1,exchange
0xba6f4926789cc043ef0288bfac6d8ec1de44f052,,
0x3fb89bd733cefc033d472baa77e15561e010659e,,
0xdb3abb248b2841dd09c39365647953f376fdec06,,
0x3e8b24dcca3dad3a4427cc6b2fcc4e09079ec0d8,Rule 34: Deployer,"Accounts,ContractDeployer"
0xdb57eda66990ea5750d70b7ba4f6f9b1e7b6f6a9,,
0x786aabee02319124fcf45d34428302600870ef2b,,
0x99ff5eb7f6bebf51d2d25aa716a53ed2e3d4dd11,,
0xf90be46b020b6c1b623f403467b02b51df13c92c,,
0x46340b20830761efd32832a74d7169b29feb9758,Crypto.com 2,exchange
0x3ba127d1fba24f71630e8755c6fce8584b2e90f8,,
0xd551234ae421e3bcba99a0da6d736074f22192ff,Binance 2,exchange
0x564286362092d8e7936f0549571a803b203aaced,Binance 3,exchange
0x841fd1b557040169e2f68661deb58c7d2ee789db,,
0x89b171ea649bf648344de12ca0af3a84b0b4e674,,
0xd6cf3c97bb0dc2798e86634b362df5331968630a,,
0xf1f9ff3be0fb208e4b6a1dd7c68cafa00a854632,,
0x2f8c2239e53492584420ffea44b66cf26c45b40a,,
0x62e56a92bb4ba596b3a6f11714da8b55a433a4eb,,
0x6748127de369aa5e83846c37550b8a79dc2c09cc,,
0x9696f59e4d72e237be84ffd425dcad154bf96976,Binance 18,exchange
0x1522900b6dafac587d499a862861c0869be6e428,Bitstamp 2,exchange
0x5ddeff2cc8fbc70559cbe81d3bce13d521e1dc39,ml_transit_4,heist
0x61935cbdd02287b511119ddb11aeb42f1593b7ef,0x: Exchange v3,"Accounts,0x"
0xc02aaa39b223fe8d0a0e5c4f27ead9083c756cc2,Wrapped Ether,erc20
0x1b4cc7c2399c8f6c5977050b40715b3e659079cf,Uniswap V2: EASY,Uniswap
0xa26e80e7dea86279c6d778d702cc413e6cffa777,0x: Staking Proxy,"Accounts,0x"
0x397ff1542f962076d0bfe58ea045ffa2d347aca0,SushiSwap LP Token,erc20
0x3aa370aacf4cb08c7e1e7aa8e8ff9418d73c7e0f,CRO Defi Swap,erc20
0x9b208194acc0a8ccb2a8dcafeacfbb7dcc093f81,Balancer Pool Token,erc20
0x9446625e3090d155fd7c74752edf4e87cf44de05,Balancer Pool Token,erc20
0x1803a3386d44f65746403060ab0137682f554484,SushiSwap LP Token,erc20
0x0d4a11d5eeaac28ec3f61d100daf4d40471f1852,Uniswap V2,erc20
0xb13201b48b1e61593df055576964d0b3aab66ea3,Uniswap V2,erc20
0xa91c2ceb9d2e343bfd5a12d5b3b3794346a8c473,,
0xdf97d3838b679897bd5be0fd090c3ee381c20479,Polyient Games Liquidity Token,erc20
0x70ec2fa6eccf4010eaf572d1c1a7bcbc72dec983,Uniswap V2: ROOK,Uniswap
0xfa7b9ad60304119f59b172ef78b98d50cb9a5c98,Bancor: Converter 553,Bancor
0x35333cf3db8e334384ec6d2ea446da6e445701df,Balancer Pool Token,erc20
0xd485e6a0389a42d75f4b00ece91fc02340b73938,,
0x83e5e791f4ab29d1b0941bc4d00f3d6027d1dae5,SushiSwap LP Token,erc20
0x74c99f3f5331676f6aec2756e1f39b4fc029a83e,CRO Defi Swap,erc20
0xf169cea51eb51774cf107c88309717dda20be167,SushiSwap LP Token,erc20
0xddf9b7a31b32ebaf5c064c80900046c9e5b7c65f,Uniswap V2: CREAM,Uniswap
0xd06527d5e56a3495252a528c4987003b712860ee,Cream Ether,erc20
0x892b14321a4fcba80669ae30bd0cd99a7ecf6ac0,Cream Cream,erc20
0x2f9ec37d6ccfff1cab21733bdadede11c823ccb0,,
0x874376be8231dad99aabf9ef0767b3cc054c60ee,Uniswap V2: LEASH,Uniswap
0x29939fbed3e8d3971274fdc446e749ef599abaed,,
0x06da0fd433c1a5d7a4faa01111c044910a184553,SushiSwap LP Token,erc20
0xbe38a889d67467b665e30e20ee5604a6f5696e38,Uniswap V2: PTF 8,Uniswap
0xce7a012b825e4c85a5acfa5043db7c342744c460,Uniswap V2,erc20
0x215470102a05b02a3a2898f317b5382f380afc0e,Mooniswap V1 (XOR-VAL),erc20
0xdd9354112cd8e0b4b5e8823cb0701b2ea19c19e4,Mooniswap V1 (ETH-VAL),erc20
0x01962144d41415cca072900fe87bbe2992a99f10,Uniswap V2: XOR,Uniswap
0x46eea8d5b37d2db51f35c1bc8c50cbf80fb0ffe5,,
0x15e86e6f65ef7ea1dbb72a5e51a07926fb1c82e3,SushiSwap LP Token,erc20
0x08650bb9dc722c9c8c62e79c2bafa2d3fc5b3293,Uniswap V2,erc20
0xbba17b81ab4193455be10741512d0e71520f43cb,1inch Liquidity Pool (ETH-USDT),erc20
0x1812ef69e1753f908229df40d304a5fbdcd52dd3,Uniswap V2: FORTH-USDT,Uniswap
0x8d5ebb25d3af8d6df174cf48bf5b1fe8288318ae,Plasmaswap,erc20
0x811beed0119b4afce20d2583eb608c6f7af1954f,Uniswap V2,erc20
0x37336db0c5a91fbb9acbec28017690f59413ddf5,,
0xf6048f2a7e1c44012265fab271c8eb89bb74bd4e,Uniswap V2: FORTH,Uniswap
0xe56c60b5f9f7b5fc70de0eb79c6ee7d00efa2625,Uniswap V2,erc20
0xfcb910d871d7e94f5a566b7b32fb2b19583c09d7,Uniswap V2,erc20
0xdf02ffeafdb79e564ae9fdac6545c5f4c2178400,None,erc20
0xd54e6e49c1dd1e99b70f26153fb28383b434823e,,
0x37ac54dc7dd237eecfd0b61efdd57b15fe158be0,Uniswap V2,erc20
0x8505fd7fd33b4ec68468724b8618d32d745f1eb9,,
0xb12aa722a3a4566645f079b6f10c89a3205b6c2c,SushiSwap LP Token,erc20
0xd8e9690eff99e21a2de25e0b148ffaf47f47c972,Balancer Pool Token,erc20
0xb1d38026062ac10feda072ca0e9b7e35f1f5795a,SushiSwap LP Token,erc20
0xedefd3f723e3236f26bc597967445cc6fd7b2416,,
0xd5c97daa0bff751e4282bbc5ac8d008738881224,OneSwap-Share,erc20
0xa478c2975ab1ea89e8196811f51a7b7ade33eb11,Uniswap V2: DAI,Uniswap
0x0355f9041be739f5bbf548577c535dd2f4f48473,OneSwap-Share,erc20
0x313d06759af5696d6ee3f5965408e9c5b658fb7e,,
0xc3d03e4f041fd4cd388c549ee2a29a9e5075882f,SushiSwap LP Token,erc20
0xf1fb5dea21337feb46963c29d04a95f6ca8b71e6,,
0x2fba756c64d4f9dbb17f1b3a1afb5f05af7f18c0,Uniswap V2,erc20
0x7afe74ae3c19f070c109a38c286684256adc656c,Balancer Pool Token,erc20
0x213892c753e59c53d233209c178b28a4097e652b,,
0xc558f600b34a5f69dd2f0d06cb8a88d829b7420a,SushiSwap LP Token,erc20
0x53c319f76e3eb28a69b8541317438fd83e9b212d,SSF V1,erc20
0x43747d31fc178d626047c5b4346a251418167a1a,Uniswap V2,erc20
0xbb2b8038a1640196fbe3e38816f3e67cba72d940,Uniswap V2: WBTC,Uniswap
0xf91c12dae1313d0be5d7a27aa559b1171cc1eac5,Uniswap V2,erc20
0xc1dffbd5e0d6c99a835358ee1f0175979d8ca53a,,
0x06ad23978f67ae8cc76c54b74993b31a816bac2b,Uniswap V2: CONV 7,Uniswap
0x91da29105a15204cf81b7b541878622ce8166f93,Uniswap V2: CONV-USDT,Uniswap
0x16bea2e63adade5984298d53a4d4d9c09e278192,,
0x6147805e1011417b93e5d693424a62a70d09d0e5,Uniswap V2: aETHc,Uniswap
0xe35a2a4586dc6c01d00e3458c9f15104de9755d9,,
0x8b6e6e7b5b3801fed2cafd4b22b8a16c2f2db21a,Balancer Pool Token,erc20
0xba29bf8046d46d687dc00f09caddb0c83540caeb,,
0xf1e4af05bacc0190bdf14bbf809621fe8e03c095,Uniswap V2: DOGEN,Uniswap
0x71817445d11f42506f2d7f54417c935be90ca731,SushiSwap LP Token,erc20
0xdec2157831d6abc3ec328291119cc91b337272b5,Saddle.finance: vETH2 Pool,"Accounts,SaddleFinance"
0x94b0a3d511b6ecdb17ebf877278ab030acb0a878,Uniswap V2,erc20
0x4d9824fbc04eff50ab1dac614eae4e20859d5c91,Uniswap V2: DEUS,Uniswap
0x4ddc2d193948926d02f9b1fe9e1daa0718270ed5,Compound Ether,erc20
0xaa6e8127831c9de45ae56bb1b0d4d4da6e5665bd,ETH 2x Flexible Leverage Index,erc20
0xc3601f3e1c26d1a47571c559348e4156786d1fec,Uniswap V2: DUCK 7,Uniswap
0xe000aac657402efcf10b35dd75ed4dbfdf9db836,,
0x8ae720a71622e824f576b4a8c03031066548a3b1,Uniswap V2: RAI 4,Uniswap
0xa96a65c051bf88b4095ee1f2451c2a9d43f53ae2,,
0xc16bbbe540e6595967035f3a505477e26a38c0c5,Balancer Pool Token,erc20
0xea735b9894e2ce229fd297b31b4f2469ca37aaa4,Balancer Pool Token,erc20
0xa71d014ffc0d2aff34d1fe1672dcdef6ec00af66,Uniswap V2,erc20
0x44bdb19db1cd29d546597af7dc0549e7f6f9e480,,
0xa8aec03d5cf2824fd984ee249493d6d4d6740e61,SushiSwap LP Token,erc20
0x4dd26482738be6c06c31467a19dcda9ad781e8c4,Uniswap V2: API3 7,Uniswap
0xc03c6f5d6c5bf2959a4e74e10fd916b5b50bf102,Uniswap V2: POLY,Uniswap
0xdd7c40ad9dd3ba5708e3cc6deb90fcfc37933e09,,
0x2615b89ad032ccda6d67e1d511f0e4c9e3a5dc13,Uniswap V2,erc20
0xd3c8dcfcf2a5203f6a3210591dabea14e181db2d,Balancer Pool Token,erc20
0x33440a6139a550cd68ba21cdafa3241f10041d26,Mooniswap V1 (ETH-SRM),erc20
0xbbe476cb5778b819ae335873882b3175ba851240,,
0x1e8ff5341bc63782b0212926d6eaf43cb80a0c75,Uniswap V2,erc20
0xd3466427f7ee5d0d9cd68b36df677e51bda26321,Balancer Pool Token,erc20
0xc0a6bb3d31bb63033176edba7c48542d6b4e406d,Uniswap V2: RNDR,Uniswap
0x9cfe5fb83272d4f965af6a45af291838c5f19596,,
0x96d99093f22719dd06fb8db8e93779979a2acab3,Balancer Pool Token,erc20
0x0badc63d5cc7a25007f7c35acc23369c00df6ee7,Balancer Pool Token,erc20
0xe5d1fab0c5596ef846dcc0958d6d0b20e1ec4498,Balancer Pool Token,erc20
0xc2adda861f89bbb333c90c492cb837741916a225,Uniswap V2: MKR,Uniswap
0xbcca60bb61934080951369a648fb03df4f96263c,Aave interest bearing USDC,erc20
0xc40d16476380e4037e6b1a2594caf6a6cc8da967,SushiSwap LP Token,erc20
0x36e2fcccc59e5747ff63a03ea2e5c0c2c14911e7,SushiSwap LP Token,erc20
0x004375dff511095cc5a197a54140a24efef3a416,Uniswap V2: WBTC-USDC,Uniswap
0xc1c70266ef3dc680e55c5a1c451f664446a9849d,Balancer Pool Token,erc20
0x31503dcb60119a812fee820bb7042752019f2355,SushiSwap LP Token,erc20
0x0ef1b8a0e726fc3948e15b23993015eb1627f210,1inch Liquidity Pool (ETH-1INCH),erc20
0xeeb82fa092e3cecb1ba99f8342775b70efb40cf8,Balancer Pool Token,erc20
0x7825de5586e4d2fd04459091bbe783fa243e1bf3,SushiSwap LP Token,erc20
0x765be0ee8e1857a8d7e906afa07cf0d2cf36ff59,Uniswap V2: DAI-FEI,Uniswap
0x2084c8115d97a12114a70a27198c3591b6df7d3e,Uniswap V2: MFT,Uniswap
0x05b0c1d8839ef3a989b33b6b63d3aa96cb7ec142,Uniswap V2,erc20
0xab7ae646063087317c1f410c6661364779f87d73,Bancor: Converter 558,Bancor
0x7566126f2fd0f2dddae01bb8a6ea49b760383d5a,1inch Liquidity Pool (ETH-DAI),erc20
0x028171bca77440897b824ca71d1c56cac55b68a3,Aave interest bearing DAI,erc20
0xfe903a12359496b932e24c5e9b78f1b9060a6342,Uniswap V2,erc20
0xb4663d872f50b0fadf619e0cf790644fdc19e648,,
0x659a9a43b32bea6c113c393930a45c7634a242d5,Uniswap V2,erc20
0xce84867c3c02b05dc570d0135103d3fb9cc19433,Uniswap V2,erc20
0x795065dcc9f64b5614c407a6efdc400da6221fb0,SushiSwap LP Token,erc20
0x662353d1a53c88c85e546d7c4a72ce8fe1018e72,,
0x4a0ea6ad985f6526de7d1ade562e1007e9c5d757,Uniswap V2: RAI-DAI,Uniswap
0x80cba5ba9259c08851d94d6bf45e248541fb3e86,Balancer Pool Token,erc20
0x43ae24960e5534731fc831386c07755a2dc33d47,Uniswap V2: SNX,Uniswap
0x61247d8aca1c485a50728e1336d9b26c8339e701,Uniswap V2: GUSD,Uniswap
0xe6c2e229c763ed3e1d5d57b3648aeb1d4011eacd,Balancer Pool Token,erc20
0x6ada49aeccf6e556bb7a35ef0119cc8ca795294a,Uniswap V2,erc20
0x6da6c423be3601f9187e5d544d9d85337f31e7c7,,
0x9c5de3ad97b95a0da09fd0de84c347db450cd75c,Uniswap V2,erc20
0xa12b7a78a31854d2e9ee8fbc92e262aaf4fcd4f1,Uniswap V2: CNTR 6,Uniswap
0x74399a0931357e1d72f8b959e770de89fb6bddc7,,
0xa5e79baee540f000ef6f23d067cd3ac22c7d9fe6,Uniswap V2: CEL,Uniswap
0xe662710b76bf0eda532b109ac2f6c1ca8688210b,,
0x8434019a3ac641d10f93f20efdf5a56456adf8af,Balancer Pool Token,erc20
0x37cee65899da4b1738412814155540c98dfd752c,LinkSwap LP Token,erc20
0x19dff439fd91c3946b98eb65e07368c5c8c3414d,Uniswap V2: LINA-USDT,Uniswap
0xb46736888247c68c995b156ca86426ff32e27cc9,SushiSwap LP Token,erc20
0xf55c33d94150d93c2cfb833bcca30be388b14964,SushiSwap LP Token,erc20
0xeb7ae9d125442a5b4ed57fe7c4cbc87512b02ada,,
0xfd0a40bc83c5fae4203dec7e5929b446b07d1c76,Uniswap V2,erc20
0x689dd3612ee388300e7ecc67cb03b10bdc3f6c39,Equalizer LP Token,erc20
0x1bcd6b0e97b51d76fd1752111a1fe2b473f655ee,SwipeSwap LP Token,erc20
0x3ed1b76c68f6fd1c645e1e596cec0c77f56711cc,SakeSwap LP Token,erc20
0x7ca51456b20697a0e5be65e5aeb65dfe90f21150,Uniswap V2,erc20
0xdb942c0851774bd817e6f4813f1fa64cce6fe25f,Balancer Pool Token,erc20
0x69d460e01070a7ba1bc363885bc8f4f0daa19bf5,Balancer Pool Token,erc20
0x31a47094c6325d357c7331c621d6768ba041916e,,
0xf54025af2dc86809be1153c1f20d77adb7e8ecf4,Balancer Pool Token,erc20
0x40c6bc1db179a5c3d464cac557ab890825c638f3,Uniswap V2,erc20
0xf66369997ae562bc9eec2ab9541581252f9ca383,Uniswap V2,erc20
0x8f6bcb61836f43cfdb7de46e2244d363d90527ef,Uniswap V2: FMTA 3,Uniswap
0xfb07fa808061d5cf17fc324a92f4e0eb753b9f67,Balancer Pool Token,erc20
0x3f75a5b408feb14cba3d21bd934dc5b88908f105,Uniswap V2: SPC 2,Uniswap
0xaf500c977b5540d54a9c96001eaf413eec19afc6,,
0x94ae6d2390680ac6e6ee6069be42067d6ad72e2a,Uniswap V2: CARDS,Uniswap
0x117d4288b3635021a3d612fe05a3cbf5c717fef2,SushiSwap LP Token,erc20
0x2c4bd064b998838076fa341a83d007fc2fa50957,Uniswap: MKR,Uniswap
0x4ea237942e52c7095db7acf244e55decf3ad7371,Balancer Pool Token,erc20
0x8c22e8ddf5c333e346b58b65ee75ad40cf0c74a2,SakeSwap LP Token,erc20
0x40902c98b878471d1e50a846b016525bc8bef836,Uniswap V2: EMB,Uniswap
0x765b4fbdc7740a8d4c0a69fcdf600ea99f3f1efc,,
0x2a1530c4c41db0b0b2bb646cb5eb1a67b7158667,Uniswap: DAI,Uniswap
0x9ae61a0c8e345d5b10be835060433ce95175c9cb,,
0x481efdd010433ded1a931b557e4fe63b7b897964,Uniswap V2,erc20
0x654def3e97c3f4218c3f49ace81687483c361b2b,Uniswap V2: AZUKI,Uniswap
0xe010fcda8894c16a8acfef7b37741a760faeddc4,Balancer Pool Token,erc20
0x77b109e9ab075c5c0bb5f472dd70b33f0115eae9,Uniswap V2: DogeT,Uniswap
0x724d5c9c618a2152e99a45649a3b8cf198321f46,Uniswap V2,erc20
0xa2107fa5b38d9bbd2c461d6edf11b11a50f6b974,Uniswap V2: LINK,Uniswap
0xba20d4f41121b997a1eaca6d938ac40b67dad226,Balancer Pool Token,erc20
0x6b9887422e2a4ae11577f59ea9c01a6c998752e2,Balancer Pool Token,erc20
0xf5ef67632cd2256d939702a126fe2c047d0a07bf,Uniswap V2,erc20
0x50969c5b74ab455b3a35225cf5cb9bcefdb92559,Uniswap V2,erc20
0x686e5ac50d9236a9b7406791256e47feddb26aba,Metronome: Autonomous Converter,"Accounts,Metronome"
0x3dfd23a6c5e8bbcfc9581d2e864a68feb6a076d3,Aave: Lending Pool Core V1,"Accounts,Loans"
0xf79a07cd3488bbafb86df1bad09a6168d935c017,SushiSwap LP Token,erc20
0xde93684627d4e34d6ef96adf5bcabf10bbd8dd81,Uniswap V2: ALICE-USDT,Uniswap
0x30bc873193466dc59fc08159460c49f26f609795,Uniswap V2: ALICE 7,Uniswap
0x9cd7403ac4856071581e1f5a298317d9a72a19cf,Uniswap V2,erc20
0x0e124fb703bae79cbc11a6cfda5c40a766d20394,,
0xaeb0d09b99bef36256601601bc2e47c938f63ee3,Uniswap V2,erc20
0x30734c54bf92b401c1f227fe4820f8790d1847eb,Impermax UniV2: WETH-DUCK-4,erc20
0x05e826f2bd2010cfb54b64258444c1a906167d19,Impermax UniV2: DUCK-4,erc20
0xc5ed7350e0fb3f780c756ba7d5d8539dc242a414,Uniswap V2: DUCK 10,Uniswap
0x0d88b55317516b84e78fbba7cde3f910d5686901,Balancer Pool Token,erc20
0xe5c5227d8105d8d5f26ff3634eb52e2d7cc15b50,Uniswap V2: ALBT 5,Uniswap
0x08280d671811c96ac376533e0a41dd6be3b15984,Uniswap V2: uSD-DAI,Uniswap
0x40f0e70a7d565985b967bcdb0ba5801994fc2e80,Uniswap V2: ZERO 3,Uniswap
0xbacede95494aa52ee40085037303b23069e39718,Uniswap V2: DAI-ZERO,Uniswap
0x48fe56b756ef2717d1db4050ef648ad4b72f55b9,,
0x878fc16966cfa667eabb5ec7dbf2b5a87f8aa901,Uniswap V2,erc20
0x07ce6f0b168dc41df4289807838c72ad6aaad37f,,
0x83973dcaa04a6786ecc0628cc494a089c1aee947,Uniswap V2,erc20
0x92adab6d8dc13dbd9052b291cfc1d07888299d65,Uniswap V2: DEUS-DEA,Uniswap
0xdc43e671428b4e7b7848ea92cd8691ac1b80903c,Uniswap V2: BONDLY-USDT,Uniswap
0x9dc696f1067a6b9929986283f6d316be9c9198fd,Uniswap V2: BONDLY 12,Uniswap
0xcd45f9f4e57ef2b0daaaabbe6d4d58f192b902e2,,
0x6d7b6dad6abed1dfa5eba37a6667ba9dcfd49077,Uniswap V2,erc20
0x1d6432aefeae2c0ff1393120541863822a4e6fa7,Uniswap V2,erc20
0xd535dbf27942551a98cd0723552bdaf70628dbf8,SushiSwap LP Token,erc20
0x59d29d50dec0322c16e08f633e19a1d450ad8e7d,,
0x1107b6081231d7f256269ad014bf92e041cb08df,Uniswap V2,erc20
0xd7dedc5faf74d1e3dc5fb60e4a2d1ad25a29dc30,Uniswap V2: FRM-FRMX,Uniswap
0x92330d8818e8a3b50f027c819fa46031ffba2c8c,Uniswap V2: FRM,Uniswap
0xd0fecb59019d8d1fdd6a4d7be9e89aa54cfb962a,Uniswap V2: FRMX,Uniswap
0x98a48026355cffaacf1dade7928442aa856a5e63,Balancer Pool Token,erc20
0xfcfe058efa0be5bccfdd45e2c079997935fe0a64,Uniswap V2: IDEX,Uniswap
0xcc39592f5cb193a70f262aa301f54db1d600e6da,SushiSwap LP Token,erc20
0x07b63b5e9cf66cd1252322ff2bc83fc70af0599b,,
0x5d149abac8c1b2c6eccda50ec5e74b70fecc24b7,Uniswap V2: SPDR 11,Uniswap
0x0309c98b1bffa350bcb3f9fb9780970ca32a5060,BasketDAO DeFi Index,erc20
0xa1d7b2d891e3a1f9ef4bbc5be20630c2feb1c470,SushiSwap LP Token,erc20
0x8d782c5806607e9aafb2ac38c1da3838edf8bd03,SushiSwap LP Token,erc20
0x8798249c2e607446efb7ad49ec89dd1865ff4272,SushiBar,erc20
0x088ee5007c98a9677165d78dd2109ae4a3d04d0c,SushiSwap LP Token,erc20
0x35a18000230da775cac24873d00ff85bccded550,Compound Uniswap,erc20
0x0d0d65e7a7db277d3e0f5e1676325e75f3340455,Uniswap V2,erc20
0xd75ea151a61d06868e31f8988d28dfe5e9df57b4,SushiSwap LP Token,erc20
0xd3d2e2692501a5c9ca623199d38826e513033a17,Uniswap V2,erc20
0xa70d458a4d9bc0e6571565faee18a48da5c0d593,Uniswap V2: BAL 2,Uniswap
0x8878df9e1a7c87dcbf6d3999d997f262c05d8c70,Uniswap V2,erc20
0xf49c43ae0faf37217bdcb00df478cf793edd6687,Uniswap V2,erc20
0x611cde65dea90918c0078ac0400a72b0d25b9bb1,SushiSwap LP Token,erc20
0xba13afecda9beb75de5c56bbaf696b880a5a50dd,SushiSwap LP Token,erc20
0x69b39b89f9274a16e8a19b78e5eb47a4d91dac9e,SushiSwap LP Token,erc20
0xcffdded873554f362ac02f8fb1f02e5ada10516f,Uniswap V2,erc20
0x70e36f6bf80a52b3b46b3af8e106cc0ed743e8e4,Compound Collateral,erc20
0x41848373dec2867ef3924e47b2ebd0ee645a54f9,SushiSwap LP Token,erc20
0x10b47177e92ef9d5c6059055d92ddf6290848991,SushiSwap LP Token,erc20
0x253643bd61950801b94827462bb30d1859b6373d,,
0x58dc5a51fe44589beb22e8ce67720b5bc5378009,SushiSwap LP Token,erc20
0x7860e28ebfb8ae052bfe279c07ac5d94c9cd2937,,
0xc5be99a02c6857f9eac67bbce58df5572498f40c,Uniswap V2,erc20
0xdf5f6f3fe6a2451114ddb24ddbcc45c358b3b3e9,OneSwap-Share,erc20
0x65b1b96bd01926d3d60dd3c8bc452f22819443a9,,
0x3cf1cf47bc87c23cd9410549bd8a75e82c1c73cf,SushiSwap LP Token,erc20
0xc0067d751fb1172dbab1fa003efe214ee8f419b6,Uniswap V2,erc20
0x97dec872013f6b5fb443861090ad931542878126,None,erc20
0xc0f0ab9767ec5117cc640127255fad744ddc55b0,Balancer Pool Token,erc20
0x91a5db96b660811fe38761b4bd7887efd16820cb,Uniswap V2,erc20
0xf1880d81ce7d3b4b0d96ea0665cdb03cb7332c52,Balancer Pool Token,erc20
0x9c0ebe66c785d280fb3446cef16260689276bd67,,
0x8bd1661da98ebdd3bd080f0be4e6d9be8ce9858c,Uniswap V2: REN,Uniswap
0x126c121f99e1e211df2e5f8de2d96fa36647c855,DEGEN Index,erc20
0x8d2a4cc2e2ca0f7ab011b686449dc82c3af924c7,Uniswap V2: RUNE 5,Uniswap
0x3b63a353c996a2c0a7beadd8a9052a04ca8d7a5c,Balancer Pool Token,erc20
0x8ff9529e81c03c109a9e9c848cb3ac7615ce86ca,SushiSwap LP Token,erc20
0xe78e458cbc9a57dc831e66c9187b0324b4e8304b,Balancer Pool Token,erc20
0xf7ca5cab9ac0d03b6443050d70ed1c33f4676cb4,,
0x57ab5aeb8bac2586a0d437163c3eb844246336ce,Uniswap V2,erc20
0x53b2234d9806d4e8a87cf37772fbb07c30fc16a6,Uniswap V2: DAI-MTA,Uniswap
0xf043c39a106db6b58c76995f30ba35fd211c3b76,Uniswap V2: APY 23,Uniswap
0xbc8b1f78ff5a0baf9945e145832ad79c494d4cf6,Balancer Pool Token,erc20
0x15e40192387fbbaf4f4ca3b78072bfe5cc60ce74,Uniswap V2,erc20
0x003a70265a3662342010823bea15dc84c6f7ed54,Balancer Pool Token,erc20
0xe036cce08cf4e23d33bc6b18e53caf532afa8513,Balancer Pool Token,erc20
0x663242d053057f317a773d7c262b700616d0b9a0,SushiSwap LP Token,erc20
0xe2eb726bce7790e57d978c6a2649186c4d481658,Balancer Pool Token,erc20
0x59a19d8c652fa0284f44113d0ff9aba70bd46fb4,Balancer Pool Token,erc20
0x8364eba9018f5be10dd198ea6cdcfdf0306c837b,Uniswap V2: AIN 3,Uniswap
0xcd489917002d2dec110f65ea5133fdfcffa007d3,Balancer Pool Token,erc20
0xc697051d1c6296c24ae3bcef39aca743861d9a81,,
0xeea3311250fe4c3268f8e684f7c87a82ff183ec1,Interest Bearing Ether v2,erc20
0xf8d9b7691e7721a8697e1d72725375a7abfdf670,Bancor: Converter 591,Bancor
0xb17b1342579e4bce6b6e9a426092ea57d33843d9,Uniswap V2,erc20
0xee60ca08cca968dc1b36e7bbcc779efe34d7ef62,Balancer Pool Token,erc20
0xea730a0e923125bad17378e9fd9d80d038753ad8,Uniswap V2,erc20
0x3fd4cf9303c4bc9e13772618828712c8eac7dd2f,Uniswap V2,erc20
0xba65016890709dbc9491ca7bf5de395b8441dc8b,Uniswap V2,erc20
0x4a0737d8a87c9ffc31adf85d578339d5c7a5270d,Bancor: Converter 567,Bancor
0x818e6fecd516ecc3849daf6845e3ec868087b755,Kyber: Proxy,Kyber
0x6d57a53a45343187905aad6ad8ed532d105697c1,Uniswap V2: RLC,Uniswap
0x56feaccb7f750b997b36a68625c7c596f0b41a58,Uniswap V2: FARM 3,Uniswap
0x4fd2d9d6ef05e13bf0b167509151a4ec3d4d4b93,Cream Pool Token,erc20
0x0af7627a2fff290efb23a08dfb0648038f911b82,Mooniswap V1 (ETH-HEX),erc20
0x917fbcdc6e7077c55c9ea1cf9442809dd55fcb91,Balancer Pool Token,erc20
0x60a26d69263ef43e9a68964ba141263f19d71d51,CRO Defi Swap,erc20
0x819f3450da6f110ba6ea52195b3beafa246062de,Uniswap V2: MATIC,Uniswap
0xc2451b67a3ffd623c7607943d57b68213111ec0c,,
0x2fdbadf3c4d5a8666bc06645b8358ab803996e28,Uniswap V2: YFI,Uniswap
0xc3d1bec9cca83f22eb3f1a1db2dbf71734241a1c,,
0x7d611e4cf1c7b94561c4caa5602f329d108336e3,Uniswap V2,erc20
0x1e9ed2a6ae58f49b3f847eb9f301849c4a20b7e3,Uniswap V2,erc20
0xe79590c1d8cbf6f3217b734dae7abd1b06b68d48,Balancer Pool Token,erc20
0x211bf7fb0e1164ce62cd77b07ebd4865799691ad,Bitberry LP Token,erc20
0x5841c48044231db2e2dbd2ae5f1b19b7a65cf01f,Uniswap V2,erc20
0xd7b6d14b76595ab7938c2c781079d787ef3bd5ee,Balancer Pool Token,erc20
0xaaf8cca4fb41a5d57b010731894fafda75ff8afa,,
0x3cccaf9826f23fa749a85644f4924e627405f338,None,erc20
0x4d96369002fc5b9687ee924d458a7e5baa5df34e,Uniswap V2: MPH 4,Uniswap
0xd471b6755eba924ad94dd9144ea50022010efccc,1inch Liquidity Pool (1INCH-VSP),erc20
0x132eeb05d5cb6829bd34f552cde0b6b708ef5014,SushiSwap LP Token,erc20
0x2393c368c70b42f055a4932a3fbec2ac9c548011,,
0xfa8c3f98debf3d0a192e2edf9182352332def35c,SushiSwap LP Token,erc20
0xdfc14d2af169b0d36c4eff567ada9b2e0cae044f,,Uniswap
0xed5ad5f258eef6a9745042bde7d46e8a5254c183,Balancer Pool Token,erc20
0xdadc9459c36b345e2e2007d2d2746f44a0b3b2df,Uniswap V2: SPH,Uniswap
0x720f91ee249b84fb66a82d40736dcdaadc87bb36,Uniswap V2: USDC-ZERO,Uniswap
0x2999528824a1a839d9af5cfead053236be675984,Uniswap V2,erc20
0x2e55afecceecb70f13919c7110fd766356e3a41a,,
0xd6f3768e62ef92a9798e5a8cedd2b78907cecef9,Uniswap V2: FLX,Uniswap
0x3e3ddda2a91e573788fae88db32d69ceae64aabd,Balancer Pool Token,erc20
0x98f90bfc702ec548d21b5a566a4df6853e2890d4,Uniswap V2: AKRO-USDC,Uniswap
0xa7d7d09484fa6e5f497b6b687f979509373c6530,Balancer Pool Token,erc20
0x19f81cc98254536304056a13b539a40bfb7aaa60,Balancer Pool Token,erc20
0x635b58600509acfe70e0bd4c4935c08182774e58,Uniswap V2,erc20
0x0f6e6eeb5059429a6349a4b87bf36acc59b4b1ec,,
0x938a10c521fd1f4d9e23cce7e8e994bc1b1681ad,Mooniswap V1 (ETH-QRX),erc20
0xe1700b0472066d17ec9d5a53d764c6a10484af59,Uniswap V2,erc20
0x536758d20e7b6d2d012d35b6724caed669ba6a18,Uniswap V2,erc20
0x9a54fe35d41bc7c8f7071abf0ccd952505e29ceb,,
0xb6f515fd53b76bfe8c0fb3726b40e46d1a5134af,Uniswap V2,erc20
0x6c239518495f92363ad341b2290984eda7623d1e,Uniswap V2,erc20
0x79777472049322eca239eff2556a42648936d8af,Uniswap V2,erc20
0x276eb1c7fa12bd04722fbf19abbc1362f1fe8e5e,Uniswap V2,erc20
0x181b3a5c476feecc97cf7f31ea51093f324b726f,,
0xcff0ac508c5c7d24f237de246141821a689ceaf2,Uniswap V2,erc20
0x7bb705fd59d2ba9d236ef8506d3b981f097abb24,,
0xc822d85d2dcedfaf2cefcf69dbd5588e7ffc9f10,Uniswap V2: LID 3,Uniswap
0x6047a8b64aeae00aabe07c45b8d9e14817c3bd21,Uniswap V2: BPP 5,Uniswap
0x28a55c4b4f9615fde3cdaddf6cc01fcf2e38a6b0,,
0x249dda6b483f3fde86cd1937e825f0901c1151f3,,
0x767055e2a9f15783b1ec5ef134a89acf3165332f,Uniswap V2,erc20
0xdc3e94ddf605864b79fce18c7cf974e579001e7b,Uniswap V2: QUICK 5,Uniswap
0xc47919bbf3276a416ec34ffe097de3c1d0b7f1cd,,
0x8a649274e4d777ffc6851f13d23a86bbfa2f2fbf,Balancer Pool Token,erc20
0x7a646ee13eb104853c651e1d90d143acc9e72cdb,Uniswap V2: ARES 5,Uniswap
0x07c2af75788814ba7e5225b2f5c951ed161cb589,,
0xe26a220a341eaca116bda64cf9d5638a935ae629,Balancer Pool Token,erc20
0xa30911e072a0c88d55b5d0a0984b66b0d04569d0,SushiSwap LP Token,erc20
0x23d15edceb5b5b3a23347fa425846de80a2e8e5c,Uniswap V2: HEZ,Uniswap
0x73a86455888902108bc88f5831919e23098b9b04,Uniswap V2: PAID 26,Uniswap
0x33ddd668f681d3b05e4b2aada23c4eff81d813f9,,
0xd1d0c2f4291f7002e1591d2a87975f0701a3fa2c,None,erc20
0xcc4461636684868aab71037b29a11cc643e64500,,
0xec78bd3b23ac867fcc028f2db405a1d9a0a2f712,SushiSwap LP Token,erc20
0x34d00a06161a5728845a3f83acd28488de57db00,Uniswap V2,erc20
0x8309dc6b6bdaafd693d58f8b969d97fffef244a5,Balancer Pool Token,erc20
0x4a77b41ec5708bfa5ca0dccead8a4145e31c85a0,Balancer Pool Token,erc20
0x49ff149d649769033d43783e7456f626862cd160,Balancer Pool Token,erc20
0xa75f7c2f025f470355515482bde9efa8153536a8,SushiSwap LP Token,erc20
0x1c9052e823b5f4611ef7d5fb4153995b040ccbf5,Uniswap V2,erc20
0x22d8432cc7aa4f8712a655fc4cdfb1baec29fca9,None,erc20
0x0e1953f27e64ea9dad34ea1b43231a12e14e60cc,1inch Liquidity Pool (ETH-ARMOR),erc20
0xfc0dd985f6de9c2322ebd97c3422b0857c4d78c7,Uniswap V2: ARMOR-DAI,Uniswap
0x0fc96c922fd2b457a7d6507b61b7af7d9f7c95e5,Balancer Pool Token,erc20
0xb079d6be3faf5771e354586dbc47d0a3d37c34fb,Uniswap V2,erc20
0x806e128faea66172e77ceb86821e0a1fcaf5a669,Uniswap V2: GME 8,Uniswap
0x335b3de66b741d6fed79c0bffb14c928635d3bc3,Uniswap V2: AGVC,Uniswap
0xbcffa1619ab3ce350480ae0507408a3c6c3572bd,Uniswap V2: ID,Uniswap
0xf56955e8d7cf22edd061521955696a4e056dfbc8,,
0x18a797c7c70c1bf22fdee1c09062aba709cacf04,SushiSwap LP Token,erc20
0x291c69fdaebd3cbe953843da243f8605a766a268,Uniswap V2: TEL,Uniswap
0x66840d5c7b99a0b133ea982915ad24e5ee78bd64,Balancer Pool Token,erc20
0x3da1313ae46132a397d90d95b1424a9a7e3e0fce,Uniswap V2: CRV 6,Uniswap
0xbc9623529c48ed0dfdf53e743e0e9bf8c8036ee4,,
0x9588dcdc8b4fe73f1312469818405f02465bcfbc,Balancer Pool Token,erc20
0xe6f19dab7d43317344282f803f8e8d240708174a,Uniswap V2: KEEP,Uniswap
0x28bb2cb5ee324b827c87a265fbf453b1edf82c6c,,
0xd4c7ef086361c2bec6718d5b6e82ee32eb1e050e,,
0x9dcc2104f25d40db2f455b458fcbe538c6812bbc,Balancer Pool Token,erc20
0x75382c52b6f90b3f8014bfcadac2386513f1e3bc,SushiSwap LP Token,erc20
0xf3168b50751173e150af543997abe0fec5d58b7f,Balancer Pool Token,erc20
0xd1e5a047ee83aa4dbb5ee860399e84ac2de0d4e9,,
0x91370d9265b37469e8414e002ed3036a52d4f951,Uniswap V2: iFARM,Uniswap
0xd5575a1089667506110071bf73551c4735a329ef,,
0xf925797f64bd7083b65cc157aea3005c8c4231cb,,
0xc4d9102e36c5063b98010a03c1f7c8bd44c32a00,Uniswap V2,erc20
0x65fabaf7e6c5380243e063d8559d84e589db6438,LuaSwap LP Token V1,erc20
0x96258bb42779bf300cf69c9b5bd2ba5245cb4bc4,LuaSwap LP Token V1,erc20
0x25cc5677c82453ea26642f7a3f733c6006c31011,,
0xf4d4e16c9a93d88990e0b98820c363369ca91c01,Uniswap V2,erc20
0x343028b4b6b64d6e7a747cb144617273dcabb3e7,,
0x5b4b2755c106a3ccc9b17fcab8f80782923477bb,Btswap Pair Token,erc20
0x3ee52712f5454cbe7dbc1fb8bf613b0234b80983,Uniswap V2: CZZ,Uniswap
0xa90800d5ab123cbd3ec96b89178b3955bdcca2dc,,
0x337b182f3cafe0b3ea6105a1816aa369f3607885,Uniswap V2: IKOMP-USDT,Uniswap
0xa15d162aa0b294c892769e7383700a0eada572ce,Uniswap V2: IKOMP-HLAND,Uniswap
0x0c1398e7525923119bec14ac76703cffa23ddd68,Uniswap V2: HLAND-USDT,Uniswap
0xef06ccd40ca09a0eef9f07255b9c011cb2b47c93,,
0xbaa48ef52fe0cf3a2682c1247b18d4274a988132,Uniswap V2,erc20
0xbeabef3fc02667d8bd3f702ae0bb2c4edb3640cc,Mooniswap V1 (ETH-USDT),erc20
0x44ed13fca4ce66caa29d03dde9a74a24802cd6be,Balancer Pool Token,erc20
0x06441d79d21ff7ab135e7a4052025834a43a6fe3,Uniswap V2: CRWNY 4,Uniswap
0x7a8846b6e415ec0b26ec4b9f988c3ec74cb65d91,Uniswap V2,erc20
0xec694c829cc192667cdaa6c7639ef362f3cbf575,SakeSwap LP Token,erc20
0x795dfdfd413c4a9492cef5b58723f9fb3c8af624,Balancer Pool Token,erc20
0xb4bebd34f6daafd808f73de0d10235a92fbb6c3d,Yearn Ecosystem Token Index,erc20
0xdc98556ce24f007a5ef6dc1ce96322d65832a819,Uniswap V2: PICKLE 2,Uniswap
0xd132973eaebbd6d7ca7b88e9170f2cca058de430,,
0xe2e5aca8e483a4c057892ee1f03bebc9bfa1f9c2,SakeSwap LP Token,erc20
0xed8859d2db4e23728b50c63763ec354580e2b81d,SushiSwap LP Token,erc20
0xf9ab7776c7baeed1d65f0492fe2bb3951a1787ef,Balancer Pool Token,erc20
0x56b9f76ae3c872818f9250a700a2626240ae0169,Uniswap V2: WBTC-WDOGE,Uniswap
0x2ad95483ac838e2884563ad278e933fba96bc242,SakeSwap LP Token,erc20
0x4d87920d35cd288d9d2e8f311ff4de814225987d,Balancer Pool Token,erc20
0xa7d707118c02dcd2bea94ff05664db51363c47bd,Uniswap V2: METRIC,Uniswap
0x29a9777da2bacd8c4a28b6fd8247c4ca4f098f12,Uniswap V2: IDLE 2,Uniswap
0xbc338ca728a5d60df7bc5e3af5b6df9db697d942,Cream Pool Token,erc20
0xffe8c31fb0ab62c99fc6e8c724d0f1949dbaa44f,Balancer Pool Token,erc20
0x98c32237ba8828c3382d2d4bdf1a2ec422b8559d,Uniswap V2,erc20
0xdf6b861b4fbcfaffb62dd1906fcd3a863955704b,Uniswap V2,erc20
0x4a7d4be868e0b811ea804faf0d3a325c3a29a9ad,Uniswap V2,erc20
0x001b6450083e531a5a7bf310bd2c1af4247e23d4,SushiSwap LP Token,erc20
0xc3d7aa944105d3fafe07fc1822102449c916a8d0,Uniswap V2,erc20
0x02ec2c01880a0673c76e12ebe6ff3aad0a8da968,,
0xfa28af6be3649e90ed76b8269db65b236f716fbe,Uniswap V2: mUSD,Uniswap
0x1ffc57cada109985ad896a69fbcebd565db4290e,Uniswap V2: FTM,Uniswap
0x0e26a21013f2f8c0362cfae608b4e69a249d5efc,SushiSwap LP Token,erc20
0x24d97eed6e171e70c82bc60afd37c7d1e549a0ad,Balancer Pool Token,erc20
0x755c1a8f71f4210cd7b60b9439451efcbeba33d1,Uniswap V2: LPT,Uniswap
0x5b2dc8c02728e8fb6aea03a622c3849875a48801,Balancer Pool Token,erc20
0x8eaa970be66d4de446453aea538173382c2cace8,Uniswap V2: STR-wPE,Uniswap
0xff58711683be66dad6e0e20e0043af46fc7f5f49,Uniswap V2: CHZ 3,Uniswap
0xca9af520706a57cecde6f596852eabb5a0e6bb0e,,
0x5f78b2b5fc84a9a4f4111e0881d483ca92693f92,,
0xe7fce6c57fedce45f5d4434111109965df2df54e,SushiSwap LP Token,erc20
0xf04bb1fec7396487f7464f6c434e05ac73fd4359,Uniswap V2,erc20
0x27fd0857f0ef224097001e87e61026e39e1b04d1,Uniswap V2: RLY,Uniswap
0xee9b50b74a132912cf55e7699ef3aa7ae2b00e0c,Uniswap V2: RVP,Uniswap
0x0d4be7cb2ef4734b281b546b5683eb2627cb6cbf,,
0x58eeb5d44dc41965ab0a9e563536175c8dc5c3b3,Uniswap V2: CTSI,Uniswap
0x984a3eab3cf2fc2b4ca6e4a3768624a8272fe2a3,Uniswap V2: C3 4,Uniswap
0x73bb0374ff7a5cce866c9d74e9b468b06953b39f,Uniswap V2,erc20
0x4cc17b073e03aefbcab801c55305e5ea7fcd7674,,
0xca3d6a94759cb675f0ac10a76fc0da6ee6bf6e7b,SakeSwap LP Token,erc20
0x4ef33a3fa92c3c81714bc4a3760acc2fdda0a050,SushiSwap LP Token,erc20
0x201e6a9e75df132a8598720433af35fe8d73e94d,SushiSwap LP Token,erc20
0x25647e01bd0967c1b9599fa3521939871d1d0888,Uniswap V2,erc20
0xde0999ee4e4bea6fecb03bf4ebef2626942ec6f5,Balancer Pool Token,erc20
0x4e9e73c0170f09e709573127c4ab02e57b868178,Uniswap V2: TOWER,Uniswap
0x7f0ad87b99ba16e6e651120c2e230cf6928c3d15,Uniswap V2,erc20
0x8d5bd8407a55110a346ea0c8ac54c9511764ee22,Balancer Pool Token,erc20
0x51f4e96abf315ec7597cb56d89637455ebf60f4e,,
0x80b4d4e9d88d9f78198c56c5a27f3bacb9a685c5,Uniswap V2: TRU 6,Uniswap
0x92e7eb99a38c8eb655b15467774c6d56fb810bc9,Balancer Pool Token,erc20
0x98c2f9d752e044dc2e1f1743bf0b76a7096eceb2,SushiSwap LP Token,erc20
0x611abc072ee91c0cc19ffef97ac7e69a1a7a17ec,Uniswap V2: MOMA 7,Uniswap
0x726cdc837384a7deb8bbea64beba2e7b4d7346c0,,
0x3dd49f67e9d5bc4c5e6634b3f70bfd9dc1b6bd74,Uniswap V2: SAND 21,Uniswap
0xf20ef17b889b437c151eb5ba15a47bfc62bff469,Uniswap V2: LUSD 2,Uniswap
0x2a182e532a379cb2c7f1b34ce3f76f3f7d3596f7,Uniswap V2: BBANK 4,Uniswap
0x875e1b017b6a46240afa6fce4e8d5c6573afffd9,,
0xc5b395bb1dd63e386345e539cdcad4f7c5f8ec73,Balancer Pool Token,erc20
0x6f21eea19c917fd5ce48cabfeb3bd723dfa508a6,Uniswap V2,erc20
0x0d4e989c7620c8749c9417d2bf218896c767b606,,
0x01388f9242964e2aaadef6379eb92276acb5520e,Uniswap V2,erc20
0xe8846b27988ff52c371d5bd27bf8dba4097c93d2,Uniswap V2,erc20
0xc295fb99814aee1a29a425734fcd131e8a9b687e,SwipeSwap LP Token,erc20
0x0422edb6e1a5258298cc0366c5f719bbd1bd85be,Uniswap V2: ICAP,Uniswap
0x220abd48f2b444e1a352b6927c885c4579738081,,
0xeccc7e3a7cbce990eaddda51e088f607406741c6,,
0x9def9511fec79f83afcbffe4776b1d817dc775ae,Uniswap V2: ANT 7,Uniswap
0xf7dde178fabe8386ade62d584019326a203b5394,Balancer Pool Token,erc20
0xdfa42ba0130425b21a1568507b084cc246fb0c8f,Uniswap V2,erc20
0x73eba399fbbea50852359ff8b8d0e3eba1f22500,Balancer Pool Token,erc20
0x7515be43d16f871588adc135d58a9c30a71eb34f,DXswap,erc20
0x7b890092f81b337ed68fba266afc7b4c3710a55b,Uniswap V2: NFTX 3,Uniswap
0x5102f3762f1f68d6be9dd5415556466cfb1de6c0,Uniswap V2: TRND,Uniswap
0xbf452277b8af4084fb8a0472ec808f2ded51f1c1,Uniswap V2,erc20
0xe8d1b292f00276a240e8e5742d8842ec71a485aa,,
0x23ab44bfbfb2d60df173c4b89f7e8366474ab05f,Uniswap V2,erc20
0x7ce01885a13c652241ae02ea7369ee8d466802eb,Uniswap V2: TRIBE 6,Uniswap
0xc76225124f3caab07f609b1d147a31de43926cd6,Uniswap V2,erc20
0xc7fe3e6bb510708462168258dcb2a369ed0759e5,Uniswap V2,erc20
0x9ca8aef2372c705d6848fdda3c1267a7f51267c1,Uniswap V2,erc20
0x276e62c70e0b540262491199bc1206087f523af6,Uniswap V2,erc20
0x51b4ff650fdb70cf477c0b723c5dc5f1f6396aec,,
0xd734874042c972a9eb0ee315545d219301f38023,Uniswap V2: LELE,Uniswap
0x26ce49c08ee71aff0c43db8f8b9bea950b6cdc67,Uniswap V2,erc20
0x0731ee4cf7376a1bd5a78199ac9bedc8213def24,Uniswap V2: WBTC-wPE,Uniswap
0x730469dfce617e4f185885f3a97ae98416c2d161,Balancer Pool Token,erc20
0x83218d02abb6acdfd4c972e9c8b13754bc2e23d0,Balancer Pool Token,erc20
0x11b1f53204d03e5529f09eb3091939e4fd8c9cf3,Uniswap V2,erc20
0x9866772a9bdb4dc9d2c5a4753e8658b8b0ca1fc3,Balancer Pool Token,erc20
0x5f752aa9e748ffc007a15b7ca0fad8f2127f186c,Balancer Pool Token,erc20
0x01688e1a356c38a8ed7c565bf6c6bfd59543a560,Uniswap V2: BFC 8,Uniswap
0x160de604ee9e6149050731da33222efcfff1b5d0,Uniswap V2: MUSKY,Uniswap
0xdadf443c086f9d3c556ebc57c398a852f6a02898,Uniswap V2: DOS 2,Uniswap
0x7d014a7464c91f20da99a3e6f77bc5506ddf3c5e,Balancer Pool Token,erc20
0x59db09177d31921a01b43eb72c105d0056ab2af5,Uniswap V2: MTX-USDT,Uniswap
0x8d12a197cb00d4747a1fe03395095ce2a5cc6819,EtherDelta 2,dex
0x7924a818013f39cf800f5589ff1f1f0def54f31f,Uniswap V2: LON 11,Uniswap
0x382c4a5147fd4090f7be3a9ff398f95638f5d39e,SushiSwap LP Token,erc20
0x0ba1d7092ad70aaf175924ab39412d5528ef3311,Balancer Pool Token,erc20
0xd3772a963790fede65646cfdae08734a17cd0f47,Uniswap V2: ADX 2,Uniswap
0x3c51608d44fcbfff701beb590f0ad65bbebf845b,SakeSwap LP Token,erc20
0x7f4cb48f8ca91d95a73e2dfe065ffb0fad925637,Mooniswap V1 (ETH-REVV),erc20
0x0dacb47e00aed6abade32c7b398e029393e0d848,Uniswap V2,erc20
0x5d2caad2b7f851dcb001e7d1156fdc3b4936666c,XDeFi Pool Token,erc20
0x8d9b9e25b208cac58415d915898c2ffa3a530aa1,Uniswap V2: CHSB,Uniswap
0x9271d303b57c204636c38df0ed339b18bf98f909,Fei Protocol: Fei Router,"Accounts,FeiProtocol"
0xe6f6f9492098aad009faa3f9b84f35c0b6ee7f3c,,
0x77337ff10206480739a768124a18f3aa8c089153,SushiSwap LP Token,erc20
0xbbc95e1eb6ee476e9cbb8112435e14b372563038,Uniswap V2,erc20
0x8cb77ea869def8f7fdeab9e4da6cf02897bbf076,Uniswap V2,erc20
0x97d9877ff71e514864f7bfc37abda73d13245f55,CRO Defi Swap,erc20
0xa519013cf695c4bfecec435efa09e6fbfa8437a9,,
0xffa98a091331df4600f87c9164cd27e8a5cd2405,Uniswap V2: POLS 13,Uniswap
0x22c1da980ec2a8fe540108d1ccc09930a491dfae,Polyient Games Liquidity Token,erc20
0x075013fcfaea09c9f11cb61b72a3be132a1c0900,Polyient Games Liquidity Token,erc20
0xc70bb2736e218861dca818d1e9f7a1930fe61e5b,Uniswap V2,erc20
0x9081b50bad8beefac48cc616694c26b027c559bb,Uniswap V2,erc20
0xec7269c26844b05271c552d64dc2f01f2213c85e,Uniswap V2,erc20
0x7f44bf5bf999a7148228bd0d278338e3b0a49430,Uniswap V2,erc20
0x5741a1ceff6148c8aaca0f0456c03c88817e05f5,Uniswap V2: XIOT,Uniswap
0x55d5c232d921b9eaa6b37b5845e439acd04b4dba,Uniswap V2: HEX,Uniswap
0x044afe2fedc071a5f104d9b90dee8d1e1b6d7d05,,
0xe94272661fd46362e5dd247221e0fc018a298d09,Uniswap V2,erc20
0xee2826453a4fd5afeb7ceffeef3ffa2320081268,,
0xedf1fa564a91a5664f172470c47450af17724757,Uniswap V2: OCC-USDC,Uniswap
0xa87e10cb085512931ccd277338e66cdacb52ca79,Balancer Pool Token,erc20
0x9861f7187b58023d89b2c2b0767bdee43345620a,Uniswap V2: 2GT 2,Uniswap
0xf3ad3821a0036fd9caec0a4cf5d31515fad03f00,Balancer Pool Token,erc20
0x60b2cc2c6ecd3dd89b4fd76818ef83186e2f2931,Uniswap V2,erc20
0xec314d972fc771eae56ec5063a5282a554fd54a2,Uniswap V2,erc20
0x6b4a0bd2eee3ca06652f758844937daf91ea8422,Uniswap V2: BOOST,Uniswap
0xed279fdd11ca84beef15af5d39bb4d4bee23f0ca,Curve.fi Factory USD Metapool: Liquity,erc20
0xd9e1ce17f2641f24ae83637ab66a2cca9c378b9f,SushiSwap: Router,"Accounts,SushiSwap"
0x6cb5c5cb789fae62ce5ce280e1fbc5dd3bbdad81,Balancer Pool Token,erc20
0x1cd926f3e12f7b6c2833fbe7277ac53d529a794e,Uniswap V2: ALBT-USDT,Uniswap
0x8302efa4e838fd15cf09a39f4ca5bff2a3a78443,Balancer Pool Token,erc20
0xad31ff64f5db3def8166daece0b3e41d0dcce76c,SwipeSwap LP Token,erc20
0xdafd66636e2561b0284edde37e42d192f2844d40,SushiSwap LP Token,erc20
0x1e0693f129d05e5857a642245185ee1fca6a5096,Uniswap V2: AXIAv3,Uniswap
0xbf11db4e63c72c5dffde0f5831d667817c9e9ad5,Balancer Pool Token,erc20
0x1ddf0976ac842c696d01a86b39d25b067ed8c7ff,Balancer Pool Token,erc20
0x3b3d4eefdc603b232907a7f3d0ed1eea5c62b5f7,Uniswap V2,erc20
0x92cc4300b9fd36242900bca782b2e9e000bd5099,Uniswap V2: ROUTE 4,Uniswap
0x117d7d0247d5a0b52097a9884e4e9caea1134174,Balancer Pool Token,erc20
0x0f95e6627923848a08232b5fca813c0fb86042b8,Uniswap V2: RAZOR 8,Uniswap
0x63607de7ae773638d012561a01383ab8ac321371,Uniswap V2: NIF,Uniswap
0x41646e8b3c3589dfab0ef9c7ef1cbbf57f1edf90,,
0xecb352c3876a008dce81b06e6d9b182cd3cd3147,Impermax UniV2: USDC-WETH-2,erc20
0xa0faf591525eea90a9beb31f5ea8ac4abdd231cd,Impermax UniV2: WETH-2,erc20
0x39bc3e4110da4e08aacb59a588e79ce1c5093a16,,
0x6c8b0dee9e90ea9f790da5daf6f5b20d23b39689,Uniswap V2: ORN 4,Uniswap
0xf1c1cdf8a84a5e042eb2213623adaec37fe21eb6,,
0xa12431d0b9db640034b0cdfceef9cce161e62be4,HitBTC 3,exchange
0x233cf37b33178f2231acb1c53611d14b45f69f00,ml_transit_5,heist
0xd8ce6357abaf47d28e62955518382c4700899d0b,,
0x7f0771d22a9fabf5034a6b1df9bd6c3f57b9ff7f,,
0x42cc2f465f09e39cd58097574bc44538d0b6997b,,
0x4410299590d48a5f67d2ab8dea34fae4049bf92d,,
0x3308334648ea6f3c3f8d5771232163ee14deb3a9,,
0x0064454b14cddc990ed6520ef94d3e28fe7c41b6,unknown service,unknown service
0x87870c40e0fc4a193212caacb765d71b5560a179,,
0x5b2d21b4e77293f82976b634c9dd238005b8d586,,
0xe1d0867ce756f0d6588ff742b3acc12952855298,,
0xeed898ca76c9a09f456af08f87b19d3f976fa3f2,,
0x2d67117d63cd12e3f3cb8e923c1c82201e0d648d,,
0x651bcfbf29d8e1d4dcfa2dc69823f8ba74080958,,
0xe27f2228fffb1381704c9642856088dec7e6c568,,
0xbc9c1fc870f1fd84ae3fa99d58d88df30e4cfc06,,
0x6ad9c7769014b4e9d0502fec092406c38b922ae8,,
0xc5a7fbe95bbba8f28c4bf70c6e91c0ed35596058,,
0x91357bb3f3118e058844a7076914d4ddbb2fc8f4,,
0x82957540284355e25e364d76c4fa0fd9a8f7aba1,,
0x89cf1cec57de6b056d6f9722845d3c872e4cd4ff,,
0x4a3507e31f5801375d913337b83cf02898ed2611,,
0x177382afc469f553c838f9e22871dea0873ea57e,,
0xdfd36fa7449871fff6d06ae13eb76d51b6027cd6,,
0x2deb2aad538e0908d78b8c6989ff58d77db8770a,,
0x364849d7ced9779d4aaf82dc80dbdcb0967f3717,,
0x708ab6c95b1576b91d84415610e0e875ed93d5d6,,
0x940af778be7fe1508eb46298abd53184459547a2,,
0x3b7bf7c6441a72c7583cb5810cfa9b7919e4367b,,
0x16191e21f04f840cee55e4af43f877df2e42e648,,
0x2d6310a256015e3dd8dcef54fbd8ed86188492d9,,
0x6465a74f6f26696bd803729dbfd31082c42dc900,,
0xd7874d426f348f4b9799157f7dc26065e2b17bf1,,
0xbd083d2ce4f14e97bfe5094bbd16e85cd1058e87,,
0xc244aad6b60d63fc48d1b748249a6b0fdd7a4812,,
0x5d252acc710b7a22e4722bf7a4313063e5c8540e,,
0x2d108bc0915152920ba90e85f2f7eea37d22843f,,
0x6b341779d4cb74f8ba4e6381c7e2993adb87582b,,
0x00c2e1f795e7a3cdeb84ca1c95adbb85aa646d48,,
0x79912132f1b2da35cc92a12785537eb1a9c1a19a,,
0xba1f970cfb27ba64d66501cc00ab2990039bd7d9,,
0x07c1a7382f589b88e6c2a7179f1138feba7df513,,
0xa9e30b0e2ca0949e08b82161563a2e1bf8901a5a,,
0x6422f948588141222dc34b6752c4d52cc233774b,,
0x5e4456a79d8323624598cbc868da31ed097b05a7,,
0xa3d13def0f32b4ce288cc67100182f64f9bbc2f1,,
0x70f181c08f1a0b3395c3f7892fde228b9333356a,,
0x964119a127116b18068534b601896db3edca7dbf,,
0x3bd5627d228cfb5f27971d1076e24752e880e2a2,,
0x50bf15138f6e2c3a08259d502392cf431f8a12f2,,
0x14ef4fcbd4a970f4d814d6c1dd3a94ed8abb27ad,,
0x619b61f70c40b838eeca8af5cd11f70ffbb7b7bd,,
0xc68992baf044783ee12e52ca5e54aa6cab812278,,
0x46e65a9d8f413f4c277696d1340271e7bd88d891,,
0x04e45377f5a2e19cbf383ad288af290d4e5c8d3c,,
0x66d0df319b36c5b6c3eff85d71265fb5029fc1e7,,
0xdadf6ae69bbd3cc581c17a371bb4c8b17f00ea24,,
0x161b0b5f2e07e70159134f9f04bf3ade64e36175,,
0x9f7728dd5a4997f9f5eb3ef4dafc8f2203b76016,,
0x8bf61e80b9e0936f5f7fc420c586e41698a88c0f,unknown service,unknown service
0x56178a0d5f301baf6cf3e1cd53d9863437345bf9,,
0x61fd0d043d519f5a2bd05785000f30db96809429,,
0x23d1b2755d6c243dfa9dd06624f1686b9c9e13eb,Bancor: Converter 559,Bancor
0x69ab07348f51c639ef81d7991692f0049b10d522,1inch Liquidity Pool (1INCH-USDC),erc20
0x3e66b66fd1d0b02fda6c811da9e0547970db2f21,Balancer: Exchange Proxy 2,"Accounts,Balancer"
0x9d9bcdd249e439aaab545f59a33812e39a8e3072,Metronome: Auctions,"Accounts,Metronome"
0x000000cce580fb2b76b2d1196c237db199d82505,,
0x764c64b2a09b09acb100b80d8c505aa6a0302ef2,,
0x0000000476fde29330084b2b0b08a9f7d2ac6f2b,,
0x9696d4999a25766719d0e80294f93bb62a5a3178,1inch Liquidity Pool (ETH-TORN),erc20
0x0000005c9426e6910f22f0c00ed3690a4884dd6e,,
0xf164fc0ec4e93095b804a4795bbe1e041497b92a,Uniswap V2: Router,Uniswap
0x9aab3f75489902f3a48495025729a0af77d4b11e,Kyber: Proxy 2,Kyber
0x95fd9ac18d72c84d47442181828202b9ec8419c6,Fuse R4: Ethereum,erc20
0xdc24316b9ae028f1497c275eb9192a3ea0f67022,,
0x1b8568fbb47708e9e9d31ff303254f748805bf21,Scarcity,erc20
0x29b109625ac15bc4577d0b70acb9e4e27f7c07e8,xlock.eth Wrapped Ether,erc20
0x08e411220e47e3fc43bfb832186aba95108f2861,Eclipseum,erc20
0xae3be3e2e320c196d84f74689803b504857e6fe2,,
0x4f0eaede892d276e78af108f607289cb3521fee6,,
0x86155cfdb5795461558e499285da96443e17d2c7,,
0xd33acbef808b2b3fb0218ca9c2dedba93d00f79f,,
0xe8b79d53de542a8ee9c93ab7c5a8878d8054a0de,,
0xc36c689256832416044ac5b5809d869469c51059,,
0xdf059367256201c687a204a12e1f4685c6f63fee,,
0xeaa3d2de72944db7dc3430bcbfb2cfba852399d3,,
0xe3efd3465f354375484ba648408bd3b5f8278ece,Uniswap V2: DAI-EASY,Uniswap
0xa5025faba6e70b84f74e9b1113e5f7f4e7f4859f,Multisender.app,"Accounts,Airdrop/Distributor"
0x11111112542d85b3ef69ae05771c2dccff4faa26,1inch V3,exchange
0x3e4d248fb892e7ac2ab40a6721730b3cffa353bc,,
0xf1f85b2c54a2bd284b1cf4141d64fd171bd85539,SushiSwap LP Token,erc20
0xa5407eae9ba41422680e2e00537571bcc53efbfd,Curve.fi: sUSD v2 Swap,"Accounts,Curve.fi"
0x3c1af7ec61ac5a00d21ae30851c209d8023c50d4,,
0x6c2d992b7739dfb363a473cc4f28998b7f1f6de2,,
0xc03fac3726e407056d24938c33a5046a54f10e5d,Bancor: Converter 536,Bancor
0x72ea6ca0d47b337f1ea44314d9d90e2a897edaf5,SushiSwap LP Token,erc20
0x411a9b902f364817a0f9c4261ce28b5566a42875,Uniswap V2,erc20
0x67b66c99d3eb37fa76aa3ed1ff33e8e39f0b9c7a,Interest Bearing ETH,erc20
0x0c4a68cf6857cc76fe946d04fe85fac5fae9625e,Uniswap V2: QNT,Uniswap
0x989ebc2b7e1e16f1ececd9a4fad931618c12ce36,Uniswap V2,erc20
0x13c608999b5c27a01bd89f48e8c887eaf3741224,,
0x616f3188b9a0aa5100c0cad1949f2fac29699746,1inch Liquidity Pool (ETH-FERA),erc20
0xf82d8ec196fb0d56c6b82a8b1870f09502a49f88,Uniswap V2: KISHU,Uniswap
0xda3a20aad0c34fa742bd9813d45bbf67c787ae0b,Uniswap V2,erc20
0xce07ea0c2ae5198efa13ac5eb1da6ab39fc06d7c,,
0x96aea3a04627f96a038b348b4d34ac24df08820a,,
0xccf384e5b3fbaa197b794de6d8cd48b2d41eaa0b,,
0xf178b9fde275e6ba985f0fd4f5390cd49cb1685c,Mercurity Pool Token,erc20
0x7409b0ca346b6f14f3124c850714cd866db0b9c1,Mercurity Pool Token,erc20
0x26aad2da94c59524ac0d93f6d6cbf9071d7086f2,Uniswap V2: 1INCH 10,Uniswap
0xa795600590a7da0057469049ab8f1284baed977e,Balancer Pool Token,erc20
0xa751a143f8fe0a108800bfb915585e4255c2fe80,Balancer Pool Token,erc20
0x9314941c11d6dee1d7bf93113eb74d4718949f3b,Uniswap V2: HOKK,Uniswap
0x7c66550c9c730b6fdd4c03bc2e73c5462c5f7acc,Kyber: Contract 2,Kyber
0xb94ae53bf308e89f98aae07cccb38d0a042e873b,Plasmaswap,erc20
0x87d80dbd37e551f58680b4217b23af6a752da83f,None,erc20
0xc1f402b95196807c8f951cbe1c03c944571a1dc2,Uniswap V2,erc20
0x46af8ac1b82f73db6aacc1645d40c56191ab787b,Uniswap V2,erc20
0xbff308a38e160d1b9f25d2c0545a98a930942750,Bancor: Converter 587,Bancor
0x4c9a2bd661d640da3634a4988a9bd2bc0f18e5a9,Bancor: Converter 571,Bancor
0x84f764445555fbde0209b00b32ed85b6ccc33263,,
0xaf31fd9c3b0350424bf96e551d2d1264d8466205,Uniswap V2,erc20
0x52427b0035f494a21a0a4a1abe04d679f789c821,,
0xbebc44782c7db0a1a60cb6fe97d0b483032ff1c7,Curve.fi: DAI/USDC/USDT Pool,"Accounts,Curve.fi"
0xf21638ee30e1ee8ccff28c08583f0b5ca208dab1,Uniswap V2,erc20
0x2075fd8f519895e488fd3b3dab1d41381a1d9ab1,,
0x45a28aa2b531785add1dbb9ce530922f641c1436,SSF V1,erc20
0xe28a07e11492568fed8e60e7606c780a27dd4476,,
0x329239599afb305da0a2ec69c58f8a6697f9f88d,,
0x335c0552eb130f3dfbe6efcb4d2895aed1e9938b,,
0xea88686ade1b022f76b391073a251932f6041478,Uniswap V2,erc20
0xbb0150555a4aca778cde1626e3cc83c40ef4db03,,
0x9b7dad79fc16106b47a3dab791f389c167e15eb0,Uniswap V2: OCEAN 4,Uniswap
0xb6cf33445a75d8f68b347284187306f66e5ca83c,,
0xd828f812bcc9dea1d3add1a2506f9f0c6a64fbdb,,
0xa3b79b78678c15eec77389b380988b0229da1876,Uniswap V2: WHITE 2,Uniswap
0xb27de0ba2abfbfdf15667a939f041b52118af5ba,Uniswap V2,erc20
0x76ad8bc4f1c51c1d2525a4f45fa31a66b933273a,Uniswap V2: DIGI 5,Uniswap
0x64b6fd2416948e15cb43ab689c5672663fc63ba9,,
0xc2923b8a9683556a3640ccc2961b2f52b5c4459a,Uniswap V2: BUSD,Uniswap
0xdc7d8cc3a22fe0ec69770e02931f43451b7b975e,Uniswap V2: EWTB,Uniswap
0xdf3fdfbce72da4fd42e7cfde7249e15357c7d808,Bancor: Converter 552,Bancor
0x70ea56e46266f0137bac6b75710e3546f47c855d,Uniswap V2,erc20
0x22e57d3bab0cef2872409efbbe4c85a837b2faff,Bancor: Converter 598,Bancor
0x6e8abba440a58421f5eec9892b19c1a72c55c992,Uniswap V2: PPAY 21,Uniswap
0xac317d14738a454ff20b191ba3504aa97173045b,Uniswap V2: SXP,Uniswap
0xbb001024d6c3fa8063482383c7a6602da7d64cf5,,
0x24b24af104c961da1ba5bccce4410d49aa558477,Uniswap V2: AXS 17,Uniswap
0x454f11d58e27858926d7a4ece8bfea2c33e97b13,Uniswap V2,erc20
0xbe55c87dff2a9f5c95cb5c07572c51fd91fe0732,Uniswap V2: ROOM 9,Uniswap
0xab358bba9c072643e70eec3e721df42d0f3429ad,,
0x6599b9f067c21451ded9a2b43b9cc328ce4fdc4c,Bestswap V1,erc20
0xc05be4909b09784b6453baf8bbe13612b2179f42,Uniswap V2: MTX 2,Uniswap
0x9fdaca1c3849bb1712ed237c2946541da21d3501,Uniswap V2,erc20
0x9cd028b1287803250b1e226f0180eb725428d069,SushiSwap LP Token,erc20
0x6db2d9841b3fe166f258221c5502dc6eb465b38d,,
0x5a7bb6adf00a1d6284773887fcadce079c636567,Bancor: Converter 580,Bancor
0x23bff8ca20aac06efdf23cee3b8ae296a30dfd27,Uniswap V2,erc20
0x26607ac599266b21d13c7acf7942c7701a8b699c,Power Index Pool Token,erc20
0x9cc47fe67488ea4c2b9ef31d78bf266b03ca770d,,
0x8d9a7c5170af4249c37c489339da0fed0f7c7f5f,Uniswap V2: FXF 7,Uniswap
0xb7304cf69ae1f7ab1743831d98d772b550bea548,,
0x6051d2158322dbaaa819871f6ae7ff7e5082eb03,,
0xb4a0a46d3042a739ec76fd67a3f1b99cc12ac1d9,Uniswap V2: ERC20,Uniswap
0xe1fd5cdd0c0b2804b32ab94e03346c78826980ae,,
0x31b84535366dd567f86990ae75a86e9d27f5a52a,,
0x5a29f970788f3494f6350207fc91dad0d6e8c184,Bancor: Converter 584,Bancor
0xac8833b0da01b8f2ca53f549f13b5790066a842d,Uniswap V2,erc20
0x8dcba0b75c1038c4babbdc0ff3bd9a8f6979dd13,Uniswap V2,erc20
0xfa6de2697d59e88ed7fc4dfe5a33dac43565ea41,DEFI Top 5 Tokens Index,erc20
0xbed340a301b4f07fa7b61ab9e0767faa172f530d,Balancer Pool Token,erc20
0x63e7aa05b78144013cfa4b23c9b61599d0a29023,Uniswap V2: 2KEY,Uniswap
0x76f5b09eb90520ed4641cdc3b1035f587c816c5b,,
0x3634f7bf0a5b1aef9cdfc441eb2f2c02551ee8af,,
0xe40617fd297164db4a57d72ba507968216522f75,,
0x2afc64cd5e64a32a363ea84b8cad1ce5239a1a3d,None,erc20
0xe74bd20a2ef263b3d7e7c88ffce99f22acdb403a,Uniswap V2,erc20
0x3cf7654333cb7c24eff8e21d7a6882ae3a057759,,
0x07d309c210d61b808a2102dcd1eb12c677fa797a,Bancor: Converter 478,Bancor
0x3d9d5fc1cdb36e9d90d17d598f31e9697a9d7126,Uniswap V2: BBC 2,Uniswap
0x0063b112cbc6803fbd143078512b643b0ec81801,Bancor: Converter 445,Bancor
0x08cc581f000b19aa22842d53667f60bd5c27a167,Uniswap V2,erc20
0xe31643ebd9fd29b668c0553c76308a33decffa6d,Bancor: Converter 548,Bancor
0xcaf467dfe064a1f54e4ece8515ddf326b9be801e,,
0xa7f11e026a0af768d285360a855f2bded3047530,SushiSwap LP Token,erc20
0xad8c42021ba682c69ade56fd4b1a9cca1bcb413d,1inch Liquidity Pool (CTSI-USDC),erc20
0x57845987c8c859d52931ee248d8d84ab10532407,,
0xd9357a80e484954c1e52d456e2784a3659362c1e,Uniswap V2,erc20
0xe4fe6a45f354e845f954cddee6084603cedb9410,,
0xfae7f757e4d32583e40fe1bd55c8c1c651ba0d1c,Uniswap V2: AID,Uniswap
0x3576ba53e484d35161c36bf09b1dddde8e852324,,
0x037504cb0a2dc03949d6b2a3c2c40631dfa8be94,,
0x18365da7c482be36fc3479f65ef83a750ac080be,,
0xaf2a082188ad55993c0fbf1e067c01f27cc69e1d,,
0x90f1bdf7f72102b2724b4d2d9c12f00270e4d376,Uniswap V2,erc20
0x6457be605bedac02e8cbb9b9ff7da5f176cccd2b,,
0x748f2c80715736e8a8ea76cdfacd83119e03645a,,
0x3e8468f66d30fc99f745481d4b383f89861702c6,Uniswap V2: GNO,Uniswap
0xba6329eae69707d6a0f273bd082f4a0807a6b011,Uniswap V2,erc20
0x1f629794b34ffb3b29ff206be5478a52678b47ae,1inch Liquidity Pool (LDO-0xae7ab96520de3a18e5e111b5eaab095312d7fe84),erc20
0x0d09b8bc7c338558e5862bea1cd8bc303ae3d5e1,Uniswap V2: GMT 3,Uniswap
0x7b1886e49ab5433bb46f7258548092dc8cdca28b,,
0x4d928359e8556197f161f4927a928dfde9c3d1a8,,
0xb48e9b22dace65f6a2b409871e154b85f4ed8b80,SushiSwap LP Token,erc20
0x150def5c92435ab91f3ef2856fba3e2bc10d4c18,,
0xee802b312a957e00dd7bbc08eec8bb93d40e981d,Uniswap V2,erc20
0x7894dae584dfa3a5d60a13bafc25ee0b43124e7e,Uniswap V2,erc20
0x2e81ec0b8b4022fac83a21b2f2b4b8f5ed744d70,Uniswap V2,erc20
0x3c70f4faea49e50adc8305f2e1aa0ea326a54ffc,Uniswap V2,erc20
0x7dd3f5705504002dc946aeafe6629b9481b72272,Uniswap V2: DAO 15,Uniswap
0x8cab3e311702acb64e250926d77134fde604bd4d,Uniswap V2,erc20
0xae4b27c433109098c07c87513c895d580ab5b0e6,,
0x741cee6e4bd99df866ab0dd0d0c0b5ed7033344a,,
0x441f9e2c89a343cefb390a8954b3b562f8f91eca,Uniswap V2,erc20
0xdcb78ca18946b0ddbdd4157a3c1e107a836c8f6f,,
0x8f30ba1f75ec27a014591789d117a1bb4703bff8,Uniswap V2: SHAKE,Uniswap
0x1104c1a8e2cf42df2d103d9805bd8b193b830b65,,
0x905b63fff465b9ffbf41dea908ceb12478ec7601,Tornado.Cash: Old Proxy,Tornado.cash
0x722122df12d4e14e13ac3b6895a86e84145b6967,Tornado.Cash: Proxy,Tornado.cash
0x52de8d3febd3a06d3c627f59d56e6892b80dcf12,unknown service,unknown service
0x3f5ce5fbfe3e9af3971dd833d26ba9b5c936f0be,Binance,exchange
0xdac17f958d2ee523a2206206994597c13d831ec7,Tether USD,erc20
0x28c6c06298d514db089934071355e5743bf21d60,Binance 14,exchange
0xa0b86991c6218b36c1d19d4a2e9eb0ce3606eb48,USD Coin,erc20
0x6b175474e89094c44da98b954eedeac495271d0f,Dai Stablecoin,erc20
0x4fabb145d64652a948d72533023f6e7a623c7c53,Binance USD,erc20
0xc7262f1447fcb2f75ab14b2a28deed6006eea95b,,
0xd2c18a28240e3c28063976c722a0b02aeff75e80,,
0xb725e358cd05b615862a506cbfd9ea0154c5d819,,
0xf50653686704e49482d6c86c5721020decd73fb4,,
0x6fdd781bccce56e70bcaa1fff1f1eb1e9f5b8128,,
0x75fe5b2c0be5799d936c0ceb417c1431c3a08716,,
0x6da1f955ae9d816cec32aec8d9a703b2fa94485e,,
0xc5c9e1979665b93a21b629e188b83ed8d3a155c9,,
0xb3199b592b4e6841839d1c83a0719d2f2a5db2a8,,
0xc4e325a3d01426844a2470cd0dac677d1c60beed,,
0x6acd4db97def405bab1f12b9c0a39a2f0906262c,,
0x6e3bd2f67c23801b81d43ad9068fc6c0572c523a,,
0xec590f69d0cbe1d5d9512c484940232d601e7860,unknown service,unknown service
0x9fa01c6376bef6ede89d3e7f0179eb41df76c472,,
0x26284e8691d4457983f4ebbefc451f93e395e840,,
0x069acf904f610cbf8ef1540349092852e46b4e95,,
0xf217cad75b4c33afa79893a219b25ab90ab0dc30,unknown service,unknown service
