hash,from,to,value,timeStamp,blockNumber,tokenSymbol,contractAddress,isError,gasPrice,gasUsed
0x839d8b244b9268b861bc9c0d2bcf51b8a76df2e957a96bf0ea22d062a001c545,0xf27b6923ed24eed02de7686962339db00a52d2aa,0xd294ac18b524ff59ab7fffcbd459f11128220550,100000000000000000000,1550915843,7256897,,,0.0,10000000000,21000
0x7761efc502de611f78cf000ac4bd400688947187d690825d8e02dd0edab34050,0xd294ac18b524ff59ab7fffcbd459f11128220550,0xf056f435ba0cc4fcd2f1b17e3766549ffc404b94,99999815200000000000,1550916487,7256932,,,0.0,8800000000,21000
0xf1ad5d5cb4955a3b32ba628fdf467d80638eaa0ed47b1c091977668fdd49e488,0xf27b6923ed24eed02de7686962339db00a52d2aa,0xd294ac18b524ff59ab7fffcbd459f11128220550,100000000000000000000,1550919767,7257094,,,0.0,8800220000,21000
0xc2c14cfa5e53daa5108c491888bd27988a9ec617a6662795a21313a221b3234f,0xd294ac18b524ff59ab7fffcbd459f11128220550,0xf056f435ba0cc4fcd2f1b17e3766549ffc404b94,99999815200000000000,1550920417,7257126,,,0.0,8800000000,21000
0xf75d38a9f0a1e2f2dc04f49d5ca432d37051fd73c69a134a23f702d926c4494f,0xf27b6923ed24eed02de7686962339db00a52d2aa,0xd294ac18b524ff59ab7fffcbd459f11128220550,100000000000000000000,1550921517,7257182,,,0.0,9000000000,21000
0x1bbe881ead150659d6a8a266e6c3921f7eccd29bb712290202b95ca43b6d6643,0xd294ac18b524ff59ab7fffcbd459f11128220550,0xf056f435ba0cc4fcd2f1b17e3766549ffc404b94,99999815200000000000,1550922250,7257216,,,0.0,8800000000,21000
0xf659b428f6282aced4cb33b736050852c25ab58975d3667fe1a140d7a8117ccf,0xf27b6923ed24eed02de7686962339db00a52d2aa,0xd294ac18b524ff59ab7fffcbd459f11128220550,200000000000000000000,1550922720,7257239,,,0.0,9000000000,21000
0xb9ae9f36511a1859e87b4cd0eae04307300236aac84f14317f1a770b2043f208,0xd294ac18b524ff59ab7fffcbd459f11128220550,0xf056f435ba0cc4fcd2f1b17e3766549ffc404b94,199999815200000000000,1550923607,7257271,,,0.0,8800000000,21000
0x4a47d56f30ab601112c03749abf5e6e902bd552083d10286ef5798266fa66b56,0xf27b6923ed24eed02de7686962339db00a52d2aa,0xd294ac18b524ff59ab7fffcbd459f11128220550,100000000000000000000,1550924948,7257328,,,0.0,10000000000,21000
0xea58565706516874d378d8816c89a6c1a0cd14fd438193babf9da4d02108cbc2,0xd294ac18b524ff59ab7fffcbd459f11128220550,0xf056f435ba0cc4fcd2f1b17e3766549ffc404b94,99999815200000000000,1550925626,7257361,,,0.0,8800000000,21000
0xa52dca526dce7c7b7136092fa87c835eed5ce0ecf4869aaac31ae72b97d02c0a,0xf27b6923ed24eed02de7686962339db00a52d2aa,0xd294ac18b524ff59ab7fffcbd459f11128220550,300000000000000000000,1550927606,7257472,,,0.0,10000000000,21000
0xa83ffa2d089011b330e0e9a7eb9ba2ab74a29b907e76292e1ed50bfe8df972a5,0xd294ac18b524ff59ab7fffcbd459f11128220550,0xf056f435ba0cc4fcd2f1b17e3766549ffc404b94,299999815200000000000,1550928266,7257504,,,0.0,8800000000,21000
0xa79a3bf2c32124638824251048f3ed788b99d09ffbb151666c35cc455e1058c6,0xf27b6923ed24eed02de7686962339db00a52d2aa,0xd294ac18b524ff59ab7fffcbd459f11128220550,300000000000000000000,1550928459,7257512,,,0.0,10000000000,21000
0x46ae85df066b3a049f93c7467488b8733448904354bbbb4521f2c45432a26070,0xd294ac18b524ff59ab7fffcbd459f11128220550,0xf056f435ba0cc4fcd2f1b17e3766549ffc404b94,299999815200000000000,1550929069,7257546,,,0.0,8800000000,21000
0x91813127be2141aa8087ab1c5d81b402b6cee31a0ba57fd144adf9a5a7ff38d1,0xf27b6923ed24eed02de7686962339db00a52d2aa,0xd294ac18b524ff59ab7fffcbd459f11128220550,200000000000000000000,1550929680,7257574,,,0.0,10000000000,21000
0xb1a92d2bb4df336e4ee2b7cc9a2db1f42fd242c115ee3a5fffe3099cd09b74f8,0xd294ac18b524ff59ab7fffcbd459f11128220550,0xf056f435ba0cc4fcd2f1b17e3766549ffc404b94,199999815200000000000,1550930309,7257606,,,0.0,8800000000,21000
0x1573f3c8c64247c5da2d9600e79fba56502168b12091364c58a2baecd776e6d5,0xf27b6923ed24eed02de7686962339db00a52d2aa,0xd294ac18b524ff59ab7fffcbd459f11128220550,200000000000000000000,1550931292,7257659,,,0.0,10000000000,21000
0xf559c64159dbfb99dfee540dd89133a96a17485581c6839eed2042ba324a64d5,0xd294ac18b524ff59ab7fffcbd459f11128220550,0xf056f435ba0cc4fcd2f1b17e3766549ffc404b94,199999815200000000000,1550932008,7257696,,,0.0,8800000000,21000
0x12e59e5ba8da23531f791b6fe2f029fb371e3a8fcfa500891571397cce93af6b,0xf27b6923ed24eed02de7686962339db00a52d2aa,0xd294ac18b524ff59ab7fffcbd459f11128220550,200000000000000000000,1550932614,7257721,,,0.0,10000000000,21000
0x0040f09416011dac97476fd2ff94e1cbb51740831037939db6b6aad0ae4b699a,0xd294ac18b524ff59ab7fffcbd459f11128220550,0xf056f435ba0cc4fcd2f1b17e3766549ffc404b94,199999815200000000000,1550933215,7257756,,,0.0,8800000000,21000
0xcfd205a6ad34a00d4e0e2e16547920edf2c81bf75815ffa4b6d753f93bf790ba,0xf27b6923ed24eed02de7686962339db00a52d2aa,0xd294ac18b524ff59ab7fffcbd459f11128220550,200000000000000000000,1550933413,7257768,,,0.0,10000000000,21000
0x63c5c8b39e2fb9443bc3a9c003e95e257aa87d97c4d25e8c0a20a8406be34c84,0xd294ac18b524ff59ab7fffcbd459f11128220550,0xf056f435ba0cc4fcd2f1b17e3766549ffc404b94,199999815200000000000,1550934049,7257801,,,0.0,8800000000,21000
0xe8d4c1922c9256d327ae07b7bd40340a349b3ed7fd4d22f4e11a9a8ac1108f95,0xf27b6923ed24eed02de7686962339db00a52d2aa,0xd294ac18b524ff59ab7fffcbd459f11128220550,200000000000000000000,1550935690,7257883,,,0.0,10000000000,21000
0xfd3db7e09e576bc2bdd2d022eb52a6f3c27bacd8fcad3f777c367464d52143c1,0xd294ac18b524ff59ab7fffcbd459f11128220550,0xf056f435ba0cc4fcd2f1b17e3766549ffc404b94,199999815200000000000,1550936282,7257916,,,0.0,8800000000,21000
0x60d9c49aeadd35b6d9ae641d570edb098adba6686c630ac1eadd24860bb19950,0xf27b6923ed24eed02de7686962339db00a52d2aa,0xd294ac18b524ff59ab7fffcbd459f11128220550,200000000000000000000,1550936719,7257941,,,0.0,10000000000,21000
0x5eec34e4cef75d51320a01d2a710682c3c5f1d3d7427302f8fcb412436580968,0xd294ac18b524ff59ab7fffcbd459f11128220550,0xf056f435ba0cc4fcd2f1b17e3766549ffc404b94,199999815200000000000,1550937246,7257974,,,0.0,8800000000,21000
0x3487056d5fe38e8c738bd967eb9845023fa05c22176d6e537a6da4d5e6075175,0xf27b6923ed24eed02de7686962339db00a52d2aa,0xd294ac18b524ff59ab7fffcbd459f11128220550,200000000000000000000,1550938219,7258020,,,0.0,10000000000,21000
0x5d643c1868d248fe562e47970c968a660b0ed5a44be159fd046951f787d313b7,0xd294ac18b524ff59ab7fffcbd459f11128220550,0xf056f435ba0cc4fcd2f1b17e3766549ffc404b94,199999815200000000000,1550938955,7258053,,,0.0,8800000000,21000
0xbc9d0ee738e77626885fd6f5ea0657fc70277548701c4e521a2f06a75d2a1f8d,0xf27b6923ed24eed02de7686962339db00a52d2aa,0xd294ac18b524ff59ab7fffcbd459f11128220550,300000000000000000000,1550939555,7258081,,,0.0,10000000000,21000
0xf7b7fda3da17e50d991161956296cee5a8e1be91649253302e89a5867e099704,0xd294ac18b524ff59ab7fffcbd459f11128220550,0xf056f435ba0cc4fcd2f1b17e3766549ffc404b94,299999815200000000000,1550940093,7258113,,,0.0,8800000000,21000
0xaef0c1b8b5cb9b6b252a9a0bcfb4d09de088db4a906e3bd2b0aeb00f4b0a78df,0xf27b6923ed24eed02de7686962339db00a52d2aa,0xd294ac18b524ff59ab7fffcbd459f11128220550,300000000000000000000,1550940574,7258139,,,0.0,10000000000,21000
0xeaf9faa7c9d52c68ae883b28ae8ce6be4ba72b4834b08a7f0454bf6f99495290,0xf27b6923ed24eed02de7686962339db00a52d2aa,0xd294ac18b524ff59ab7fffcbd459f11128220550,300000000000000000000,1550941070,7258168,,,0.0,10000000000,21000
0x956e8f2154243e8f8e9a12c756916806417f3489c0f6a67da15dd9129737be57,0xd294ac18b524ff59ab7fffcbd459f11128220550,0xf056f435ba0cc4fcd2f1b17e3766549ffc404b94,599999815200000000000,1550941598,7258201,,,0.0,8800000000,21000
0xdb36f2c5bbb2bc75404b0d202bae797c288a53233b2c80f4c3ba0b4bd0213fa6,0xf27b6923ed24eed02de7686962339db00a52d2aa,0xd294ac18b524ff59ab7fffcbd459f11128220550,300000000000000000000,1550942139,7258233,,,0.0,10000000000,21000
0x1db7719c4ea5aac99411c2465131fb681adea8b8c8c65bb098d20fcbd8af6f31,0xf27b6923ed24eed02de7686962339db00a52d2aa,0xd294ac18b524ff59ab7fffcbd459f11128220550,300000000000000000000,1550942848,7258266,,,0.0,10000000000,21000
0x16c0554d146a12f25f8d13cc1ee8df6edc60b79c1d7d6ea4661b15bde7c6c64b,0xd294ac18b524ff59ab7fffcbd459f11128220550,0xf056f435ba0cc4fcd2f1b17e3766549ffc404b94,299999815200000000000,1550942849,7258267,,,0.0,8800000000,21000
0x5ec7759c94000269fe15ff144b2aeb49de26355575f9dbd64e923af6757430ac,0xf27b6923ed24eed02de7686962339db00a52d2aa,0xd294ac18b524ff59ab7fffcbd459f11128220550,500000000000000000000,1550943535,7258300,,,0.0,10000000000,21000
0xeceadddae243953e2ae843ddd566b97079229a566ab3cdf7a67915a71bb06932,0xd294ac18b524ff59ab7fffcbd459f11128220550,0xf056f435ba0cc4fcd2f1b17e3766549ffc404b94,299999815200000000000,1550943535,7258300,,,0.0,8800000000,21000
0xa8543ce514abb4d8b65244e80c2346903dc2cf7936560f6fb199a75733793c0d,0xf27b6923ed24eed02de7686962339db00a52d2aa,0xd294ac18b524ff59ab7fffcbd459f11128220550,500000000000000000000,1550944723,7258351,,,0.0,10500000000,21000
0x9ea02dc172d0e2b9651d5facae381f7414d56f028e5ba2a4fe8f9ae642d48e55,0xd294ac18b524ff59ab7fffcbd459f11128220550,0xf056f435ba0cc4fcd2f1b17e3766549ffc404b94,499999815200000000000,1550944801,7258357,,,0.0,8800000000,21000
0x19d08b3401c89cb64ce74ae2edaed221d419f76bb85ee6734da37dc23df17d36,0xf27b6923ed24eed02de7686962339db00a52d2aa,0xd294ac18b524ff59ab7fffcbd459f11128220550,500000000000000000000,1550945784,7258402,,,0.0,12000000000,21000
0x0c96060635ca38a35d16b3a0ac5c07911b534e3eb009dec167c2b53b27834be4,0xd294ac18b524ff59ab7fffcbd459f11128220550,0xf056f435ba0cc4fcd2f1b17e3766549ffc404b94,499999815200000000000,1550945968,7258410,,,0.0,8800000000,21000
0xce5a0bc0bef0304fa8c14ac45f2c4c2d6c58aa10e8b548a2c5a6690082aa76bd,0xd294ac18b524ff59ab7fffcbd459f11128220550,0xf056f435ba0cc4fcd2f1b17e3766549ffc404b94,499999815200000000000,1550946745,7258442,,,0.0,8800000000,21000
0x51c9071fc4a50f664ea3d6e858ad4edf8d35884e8aade31d2040fa357d137770,0xf27b6923ed24eed02de7686962339db00a52d2aa,0xd294ac18b524ff59ab7fffcbd459f11128220550,300000000000000000000,1550967459,7259496,,,0.0,9000000000,21000
0xcdd9d66d891f676b6a14b5260adbf433a17752e9dbe209052ee5f9a013633597,0xd294ac18b524ff59ab7fffcbd459f11128220550,0xf056f435ba0cc4fcd2f1b17e3766549ffc404b94,299999815200000000000,1550968178,7259528,,,0.0,8800000000,21000
0xec1cfccb7dd3ec39d1514ee23a07400d76758ba01d06abe4de2a6fc5dce830ac,0xf27b6923ed24eed02de7686962339db00a52d2aa,0xd294ac18b524ff59ab7fffcbd459f11128220550,300000000000000000000,1550969984,7259607,,,0.0,10000000000,21000
0x9945587c31f5de282fc98852430e673615b3d6015b0f9b8e396b419d31126bdb,0xd294ac18b524ff59ab7fffcbd459f11128220550,0xf056f435ba0cc4fcd2f1b17e3766549ffc404b94,299999815200000000000,1550970600,7259639,,,0.0,8800000000,21000
0xc7817c93220e111e402cabd2a35131582b5082e4702cad45eab6522e4f8fa1d0,0xf27b6923ed24eed02de7686962339db00a52d2aa,0xd294ac18b524ff59ab7fffcbd459f11128220550,300000000000000000000,1550974473,7259828,,,0.0,10000000000,21000
0x29282933d6604e823d03be95f3301f2d3a4a09cefd93d17ec231b685d36d83d3,0xd294ac18b524ff59ab7fffcbd459f11128220550,0xf056f435ba0cc4fcd2f1b17e3766549ffc404b94,299999815200000000000,1550975161,7259861,,,0.0,8800000000,21000
0xea736497e7aff0ff39e2d8de0cd63bbea4d60223c34b2c9ea6ba0b943447c175,0xf27b6923ed24eed02de7686962339db00a52d2aa,0xd294ac18b524ff59ab7fffcbd459f11128220550,300000000000000000000,1550976224,7259909,,,0.0,10000000000,21000
0x253193e120821bd0d8f955889f8e96e92012aa21a07e3a301fa8ce8f1c278bfc,0xd294ac18b524ff59ab7fffcbd459f11128220550,0xf056f435ba0cc4fcd2f1b17e3766549ffc404b94,299999815200000000000,1550976825,7259941,,,0.0,8800000000,21000
0xead9fcdb0f0ce4d233a3f41d1ae60559a9f6633f40a5d903bbd5e7b2a4eaf1db,0xf27b6923ed24eed02de7686962339db00a52d2aa,0xd294ac18b524ff59ab7fffcbd459f11128220550,400000000000000000000,1550976865,7259944,,,0.0,10000000000,21000
0xf5f4c3e54da23c9b7cfc8bcc55e3078743b96efaf3eb667255f53a3589ab399d,0xd294ac18b524ff59ab7fffcbd459f11128220550,0xf056f435ba0cc4fcd2f1b17e3766549ffc404b94,399999815200000000000,1550977723,7259977,,,0.0,8800000000,21000
0x28479ccbb6b789cb207063de07818be5732fd79c67108cfdef1664d80f76b864,0xf27b6923ed24eed02de7686962339db00a52d2aa,0xd294ac18b524ff59ab7fffcbd459f11128220550,100000000000000000000,1552441502,7357866,,,0.0,7000000000,21000
0x2549357463e8395566d8facacef05fcb2cc58c5f555528a48d4404a640eceab5,0xd294ac18b524ff59ab7fffcbd459f11128220550,0xf056f435ba0cc4fcd2f1b17e3766549ffc404b94,99999895000000000000,1552441987,7357900,,,0.0,5000000000,21000
0xaf514fefc3601a897b6e4bcb5d8c67adf7de7dfb43f90f2299159927f8191d1f,0xf27b6923ed24eed02de7686962339db00a52d2aa,0xd294ac18b524ff59ab7fffcbd459f11128220550,300000000000000000000,1552442516,7357953,,,0.0,8000000000,21000
0xd1d65ce1349b476cd5d303e7c4e4bd14a0b030c4f08022b44a15010a1afdc962,0xd294ac18b524ff59ab7fffcbd459f11128220550,0xf056f435ba0cc4fcd2f1b17e3766549ffc404b94,299999895000000000000,1552442970,7357985,,,0.0,5000000000,21000
0x80d00ec92685739d48d86b78f72b796cca6c00ad88fa4ac5bcd5a6e21a5ffe8b,0xf27b6923ed24eed02de7686962339db00a52d2aa,0xd294ac18b524ff59ab7fffcbd459f11128220550,300000000000000000000,1552448800,7358390,,,0.0,6250000000,21000
0x95f3cea5566606fc669df657fc4170b780fa66d31fcb01bde303ae39ec9fc360,0xd294ac18b524ff59ab7fffcbd459f11128220550,0xf056f435ba0cc4fcd2f1b17e3766549ffc404b94,299999895000000000000,1552449237,7358421,,,0.0,5000000000,21000
0xb103329b381844143eec8a32777a19dff10b761ecbb3f4c3da54ca0d277a4202,0xf27b6923ed24eed02de7686962339db00a52d2aa,0xd294ac18b524ff59ab7fffcbd459f11128220550,300000000000000000000,1552458516,7359105,,,0.0,6000000000,21000
0x76df826808fc8fba634c063dc81315ca0510aac28088fe8f1529ff60db2f9811,0xd294ac18b524ff59ab7fffcbd459f11128220550,0xf056f435ba0cc4fcd2f1b17e3766549ffc404b94,299999895000000000000,1552459004,7359139,,,0.0,5000000000,21000
0x68e09773b163808ec373dc9d8a1bf972e284048b485754bdbec2dc299e958287,0xf27b6923ed24eed02de7686962339db00a52d2aa,0xd294ac18b524ff59ab7fffcbd459f11128220550,300000000000000000000,1552468214,7359821,,,0.0,6000000000,21000
0x7f3adfedea35c76830e84d4e219edb28cfef08c2364b20a963048be3f65dce52,0xd294ac18b524ff59ab7fffcbd459f11128220550,0xf056f435ba0cc4fcd2f1b17e3766549ffc404b94,299999895000000000000,1552468753,7359855,,,0.0,5000000000,21000
0x748e8511692d04f18147cfe0eee9e7661c197bc53c73f4c645f739fbe38aa310,0xf27b6923ed24eed02de7686962339db00a52d2aa,0xd294ac18b524ff59ab7fffcbd459f11128220550,300000000000000000000,1552470738,7360006,,,0.0,6000000000,21000
0xeffb4752428e3bc48557f3809ae972241092a544547ece0ce698ce3cd1db530d,0xd294ac18b524ff59ab7fffcbd459f11128220550,0xf056f435ba0cc4fcd2f1b17e3766549ffc404b94,299999895000000000000,1552471191,7360040,,,0.0,5000000000,21000
0x5a8229580642daebbc5a4c4be79b3443893c2409eda90adb89110b5e76e3d33a,0xf27b6923ed24eed02de7686962339db00a52d2aa,0xd294ac18b524ff59ab7fffcbd459f11128220550,300000000000000000000,1552482302,7360862,,,0.0,6000000000,21000
0xd5b6959008025d108a3095990b329e192d4e5dc6fc7f215f2f78604b4747e516,0xd294ac18b524ff59ab7fffcbd459f11128220550,0xf056f435ba0cc4fcd2f1b17e3766549ffc404b94,299999895000000000000,1552482736,7360893,,,0.0,5000000000,21000
0x507483a66dcd7d5999bb0440a93de1b6e6b24fb3dff2981d8cf62cdeb035df31,0xf27b6923ed24eed02de7686962339db00a52d2aa,0xd294ac18b524ff59ab7fffcbd459f11128220550,400000000000000000000,1552483394,7360942,,,0.0,7000000000,21000
0x133bd90bc7aef163545a3915d9059098cbaa7a0c33ac37ec98e62bc19bbcad03,0xd294ac18b524ff59ab7fffcbd459f11128220550,0xf056f435ba0cc4fcd2f1b17e3766549ffc404b94,399999895000000000000,1552483741,7360973,,,0.0,5000000000,21000
0x86fe3a50fdaca8e5289d5c84ca6be9844840937251559ecff6847a520d1c646d,0xf27b6923ed24eed02de7686962339db00a52d2aa,0xd294ac18b524ff59ab7fffcbd459f11128220550,300000000000000000000,1552487119,7361215,,,0.0,7000000000,21000
0x334f8aef9f6fcd9af94439a1a16bec0420de33dcbe3228c79a7652f0d4628701,0xd294ac18b524ff59ab7fffcbd459f11128220550,0xf056f435ba0cc4fcd2f1b17e3766549ffc404b94,299999895000000000000,1552487552,7361247,,,0.0,5000000000,21000
0x578aeace47bd43ac763da5ad5e1842521d4bd8b315da19ed1292eb3c462bf644,0xf27b6923ed24eed02de7686962339db00a52d2aa,0xd294ac18b524ff59ab7fffcbd459f11128220550,300000000000000000000,1552491918,7361572,,,0.0,6000000000,21000
0xf874b95052710b2542fe938e43041899616e376a2c55cf31320490be7f8f1650,0xd294ac18b524ff59ab7fffcbd459f11128220550,0xf056f435ba0cc4fcd2f1b17e3766549ffc404b94,299999895000000000000,1552492328,7361606,,,0.0,5000000000,21000
0x22015b1114cfea04fdfaf56534b94253c1b9a406591ad943cb0955da40d67d1d,0xf27b6923ed24eed02de7686962339db00a52d2aa,0xd294ac18b524ff59ab7fffcbd459f11128220550,300000000000000000000,1552494390,7361760,,,0.0,5000000000,21000
0x4a67933624c0b994f61de06aa0baa2c6fa5b1fa15ea32d66081cd570908994b5,0xd294ac18b524ff59ab7fffcbd459f11128220550,0xf056f435ba0cc4fcd2f1b17e3766549ffc404b94,299999895000000000000,1552494794,7361791,,,0.0,5000000000,21000
0x57fe192cb9583fd77c78bd63605740c4c2507356bd5a3bc38836d794742c152b,0xf27b6923ed24eed02de7686962339db00a52d2aa,0xd294ac18b524ff59ab7fffcbd459f11128220550,300000000000000000000,1552496240,7361883,,,0.0,5000000000,21000
0xd1560503c8dc331824b26f0772e4968bfd38f3f6fe8a041f7a0bfa9aaea8f9c7,0xd294ac18b524ff59ab7fffcbd459f11128220550,0xf056f435ba0cc4fcd2f1b17e3766549ffc404b94,299999895000000000000,1552496692,7361915,,,0.0,5000000000,21000
0x978a14d25994ccac97f2cc61eb6b40adb76546b0a02ad3359c4aed0c20607444,0xf27b6923ed24eed02de7686962339db00a52d2aa,0xd294ac18b524ff59ab7fffcbd459f11128220550,400000000000000000000,1552504449,7362485,,,0.0,4000000000,21000
0x553bb25e2ce2d28fc906328dad74a658e853cb436bc0bcb6586d2f7fc251d3a9,0xd294ac18b524ff59ab7fffcbd459f11128220550,0xf056f435ba0cc4fcd2f1b17e3766549ffc404b94,399999895000000000000,1552504979,7362517,,,0.0,5000000000,21000
0xc3f283e1b6510427a04a61cd721590d919aae36fa0048dbd21ea62a9cc80cf94,0xf27b6923ed24eed02de7686962339db00a52d2aa,0xd294ac18b524ff59ab7fffcbd459f11128220550,400000000000000000000,1552506892,7362669,,,0.0,4000000000,21000
0xf6bf4556ae712810b0e499ee337691ea2bf5a353f09891b79d3169631a9057e6,0xd294ac18b524ff59ab7fffcbd459f11128220550,0xf056f435ba0cc4fcd2f1b17e3766549ffc404b94,399999895000000000000,1552507299,7362701,,,0.0,5000000000,21000
0x14b24d160c5791e08b290365062f5e26e106bfa8659924ecffeb00bf0237eea2,0xf27b6923ed24eed02de7686962339db00a52d2aa,0xd294ac18b524ff59ab7fffcbd459f11128220550,500000000000000000000,1552507578,7362723,,,0.0,4000000000,21000
0x79ac44814bfed5d850ecd9ce0778d19211cee3a8f818a84ba0254d83c7e03c61,0xd294ac18b524ff59ab7fffcbd459f11128220550,0xf056f435ba0cc4fcd2f1b17e3766549ffc404b94,499999895000000000000,1552508138,7362756,,,0.0,5000000000,21000
0x8f7440a8d7def10b14368598f38ac7f2ea384677b415382eb5af06356be22970,0xf27b6923ed24eed02de7686962339db00a52d2aa,0xd294ac18b524ff59ab7fffcbd459f11128220550,500000000000000000000,1552526603,7364188,,,0.0,4000000000,21000
0xea5b835a64e565be456ff62ad19b4f9ff4402594ab9a6515c847625a9e6f944c,0xd294ac18b524ff59ab7fffcbd459f11128220550,0xf056f435ba0cc4fcd2f1b17e3766549ffc404b94,499999895000000000000,1552527192,7364219,,,0.0,5000000000,21000
0xb9f57286c9bbd7c90759da75df7db948f9f935e429aa8b77010e40b08cfef729,0xf27b6923ed24eed02de7686962339db00a52d2aa,0xd294ac18b524ff59ab7fffcbd459f11128220550,500000000000000000000,1552531488,7364546,,,0.0,4950000000,21000
0xd6a32e9dc1f0721d0036a2c2a7247c156bee8c5a31320d311f19888e09eacd93,0xd294ac18b524ff59ab7fffcbd459f11128220550,0xf056f435ba0cc4fcd2f1b17e3766549ffc404b94,499999895000000000000,1552531950,7364577,,,0.0,5000000000,21000
0x5b79e1f452e574ddd2fb77ff6ee809e7edced9997065768092534110bc7257e2,0xf27b6923ed24eed02de7686962339db00a52d2aa,0xd294ac18b524ff59ab7fffcbd459f11128220550,500000000000000000000,1552541176,7365292,,,0.0,5000000000,21000
0xa0ef04855c56a81094bf0eab043df8e86c418a2ae80adfadacab9ba20b3c9c9e,0xd294ac18b524ff59ab7fffcbd459f11128220550,0xf056f435ba0cc4fcd2f1b17e3766549ffc404b94,499999895000000000000,1552541847,7365325,,,0.0,5000000000,21000
0x1f6d46e5c4d1512651d41d919f030e1a700497e1fbf4149959cd8ef85e1c42f5,0xf27b6923ed24eed02de7686962339db00a52d2aa,0xd294ac18b524ff59ab7fffcbd459f11128220550,500000000000000000000,1552546237,7365633,,,0.0,5000000000,21000
0x73dd3637d3f97ae3e9ef338e29786e685c1627967e199123bb298d1fd633af57,0xd294ac18b524ff59ab7fffcbd459f11128220550,0xf056f435ba0cc4fcd2f1b17e3766549ffc404b94,499999895000000000000,1552546679,7365665,,,0.0,5000000000,21000
0x015a89517ba004b5dcc36096fe0de2ac4f47435be99852e229eb930c5842fcbb,0xf27b6923ed24eed02de7686962339db00a52d2aa,0xd294ac18b524ff59ab7fffcbd459f11128220550,500000000000000000000,1552557892,7366501,,,0.0,6000000000,21000
0x8ef3494ca07cedc2a0e02c7fd4dccc8515b553b4182636bc3c358e4fce072ed3,0xd294ac18b524ff59ab7fffcbd459f11128220550,0xf056f435ba0cc4fcd2f1b17e3766549ffc404b94,499999895000000000000,1552558396,7366533,,,0.0,5000000000,21000
0x5e6db6659dbd354af85f54f2cff6d7e46d05d39c8469617459ab277da022bf0e,0xf27b6923ed24eed02de7686962339db00a52d2aa,0xd294ac18b524ff59ab7fffcbd459f11128220550,300000000000000000000,1552570897,7367461,,,0.0,5000000000,21000
0x27d45beaeec4df57fc74fadbfa10db6fca3292c85f754f2ed8ae402029fcc79f,0xd294ac18b524ff59ab7fffcbd459f11128220550,0xf056f435ba0cc4fcd2f1b17e3766549ffc404b94,299999895000000000000,1552571461,7367492,,,0.0,5000000000,21000
0x4ed5f152d0b923d827d90b0aea7f4995032754db50baab29ac776605cbc20e99,0xf27b6923ed24eed02de7686962339db00a52d2aa,0xd294ac18b524ff59ab7fffcbd459f11128220550,500000000000000000000,1552573788,7367666,,,0.0,5000000000,21000
0x4517f7187308f33f1371adf30064c3ae6f85c6c261634cfe0c7f8b57f94f1b2f,0xd294ac18b524ff59ab7fffcbd459f11128220550,0xf056f435ba0cc4fcd2f1b17e3766549ffc404b94,499999895000000000000,1552574232,7367698,,,0.0,5000000000,21000
0xf24b3eeaddf17d4b41525a40c46b3d0aaacfc69d23a93a054d2f43a832b8a87f,0xf27b6923ed24eed02de7686962339db00a52d2aa,0xd294ac18b524ff59ab7fffcbd459f11128220550,500000000000000000000,1552575082,7367747,,,0.0,5250000000,21000
0x5f069e9138b920c072c47fc37edd23d1278b47167c4f84d02aa0ba56ed2065f0,0xd294ac18b524ff59ab7fffcbd459f11128220550,0xf056f435ba0cc4fcd2f1b17e3766549ffc404b94,499999895000000000000,1552575580,7367779,,,0.0,5000000000,21000
0x520d11dbb759950bc29549fe9402341f1a1fae8d56ff2c4ffb44d5a0623b1e08,0xf27b6923ed24eed02de7686962339db00a52d2aa,0xd294ac18b524ff59ab7fffcbd459f11128220550,300000000000000000000,1552577085,7367882,,,0.0,5830000000,21000
0xd1adc912fd3e041032bd7afd21ef2b4a4fe8b308af251592a26559b10768a5b8,0xd294ac18b524ff59ab7fffcbd459f11128220550,0xf056f435ba0cc4fcd2f1b17e3766549ffc404b94,299999895000000000000,1552577605,7367914,,,0.0,5000000000,21000
0x7e4b171945fcf51eeab3036258588725c8ab85f1a4de04747b6f8ccf5e5866df,0xf27b6923ed24eed02de7686962339db00a52d2aa,0xd294ac18b524ff59ab7fffcbd459f11128220550,400000000000000000000,1552579347,7368068,,,0.0,5000000000,21000
0x904cb2ebfec8b796198b37278a2cba77d2d3863d0796ecc4e81557e8237d5bf6,0xd294ac18b524ff59ab7fffcbd459f11128220550,0xf056f435ba0cc4fcd2f1b17e3766549ffc404b94,399999895000000000000,1552579729,7368100,,,0.0,5000000000,21000
0x309a5801fd1a017afa3b93e063f2b6ebd22c9ed70593775dc19e238d2dbd2c75,0xf27b6923ed24eed02de7686962339db00a52d2aa,0xd294ac18b524ff59ab7fffcbd459f11128220550,700000000000000000000,1552585429,7368536,,,0.0,5000000000,21000
0xebfbc6b1d5b380cfde37aeab05bdcd072350cd5ed1e3b3ab58c210c8f8789028,0xd294ac18b524ff59ab7fffcbd459f11128220550,0xf056f435ba0cc4fcd2f1b17e3766549ffc404b94,699999895000000000000,1552585789,7368568,,,0.0,5000000000,21000
0x3242bdb5fe73f56580dad53e9e1739dc669be0c2348a54df49aeb5a53b72a97c,0xf27b6923ed24eed02de7686962339db00a52d2aa,0xd294ac18b524ff59ab7fffcbd459f11128220550,500000000000000000000,1552607814,7370215,,,0.0,4000000000,21000
0xda5f9c6834edeeb671111c61420f4b0bf4846fd0afae6aa79ac0b1063f739511,0xd294ac18b524ff59ab7fffcbd459f11128220550,0xf056f435ba0cc4fcd2f1b17e3766549ffc404b94,499999895000000000000,1552608154,7370247,,,0.0,5000000000,21000
0x9b186aa9f01d956191afb9b3bfaf5d3fe1be0c513e56e5128cba51bddc0fab50,0xf27b6923ed24eed02de7686962339db00a52d2aa,0xd294ac18b524ff59ab7fffcbd459f11128220550,700000000000000000000,1552611128,7370450,,,0.0,4000000000,21000
0x8f9e35d4f623a5c54e6a5aa42b9f024524333c785ffb63244c169af5224dd24a,0xd294ac18b524ff59ab7fffcbd459f11128220550,0xf056f435ba0cc4fcd2f1b17e3766549ffc404b94,699999895000000000000,1552611423,7370482,,,0.0,5000000000,21000
0x47a70704fe2e72965e5cf6fd7d6d4b45377b8ab450c2e5c4b22a13910bb90185,0xf27b6923ed24eed02de7686962339db00a52d2aa,0xd294ac18b524ff59ab7fffcbd459f11128220550,700000000000000000000,1552611928,7370524,,,0.0,4000000000,21000
0xdcba15e25964d24e7be5b68773bf522d9ee9c36dda95a1ae72e90ac9f0fac705,0xd294ac18b524ff59ab7fffcbd459f11128220550,0xf056f435ba0cc4fcd2f1b17e3766549ffc404b94,699999895000000000000,1552612345,7370557,,,0.0,5000000000,21000
0x2aac987a4696fcdd0ec9ccef3a663ff26c19c09493546d2f02279e5f917b66f3,0xf27b6923ed24eed02de7686962339db00a52d2aa,0xd294ac18b524ff59ab7fffcbd459f11128220550,500000000000000000000,1552612533,7370573,,,0.0,4000000000,21000
0xa721cc74b20efe60de64df1b98a0de5bb40a16a882a67076eb43eccb5a7ae5d1,0xd294ac18b524ff59ab7fffcbd459f11128220550,0xf056f435ba0cc4fcd2f1b17e3766549ffc404b94,499999895000000000000,1552613051,7370605,,,0.0,5000000000,21000
0xe5455a436c2bd1fcf8e110c18bde47b467ae743fe91da338c347be1dde044d92,0xf27b6923ed24eed02de7686962339db00a52d2aa,0xd294ac18b524ff59ab7fffcbd459f11128220550,700000000000000000000,1552613258,7370620,,,0.0,4000000000,21000
0xdbcc0278ffe82c27b967808f4ab493c981c78dfb3f5d85e48c353fed79f71def,0xd294ac18b524ff59ab7fffcbd459f11128220550,0xf056f435ba0cc4fcd2f1b17e3766549ffc404b94,699999895000000000000,1552613623,7370652,,,0.0,5000000000,21000
0x2823c8e596f22bc201814ae49b349a03d79528c3448743a6919654a04e4cea14,0xf27b6923ed24eed02de7686962339db00a52d2aa,0xd294ac18b524ff59ab7fffcbd459f11128220550,500000000000000000000,1552614259,7370699,,,0.0,5000000000,21000
0xa6c434cb0441638a9678a9736d19fb81022f6c011349fd43f91fd3a12fcbfa99,0xd294ac18b524ff59ab7fffcbd459f11128220550,0xf056f435ba0cc4fcd2f1b17e3766549ffc404b94,499999895000000000000,1552614638,7370730,,,0.0,5000000000,21000
0xefb8072598c80bf7c0bc515a4eccefb85132ab4a720515212662a2f24d313bd9,0xf27b6923ed24eed02de7686962339db00a52d2aa,0xd294ac18b524ff59ab7fffcbd459f11128220550,600000000000000000000,1552615602,7370812,,,0.0,5000000000,21000
0x4be4e8be13623bede0194f00e6d62617074d6801f6ec6cacd1ea302f368d26e4,0xd294ac18b524ff59ab7fffcbd459f11128220550,0xf056f435ba0cc4fcd2f1b17e3766549ffc404b94,599999895000000000000,1552615968,7370845,,,0.0,5000000000,21000
0x7c776ed3764ebfdf582b97721c7f1e2752bcab94511a5bdfa1d93741bbde7114,0xf27b6923ed24eed02de7686962339db00a52d2aa,0xd294ac18b524ff59ab7fffcbd459f11128220550,800000000000000000000,1552616607,7370885,,,0.0,5000000000,21000
0x1ec6833ca4d9d7b8888584c5d5f3062088eaa0537eaeed70a344a4d6bdf54bae,0xd294ac18b524ff59ab7fffcbd459f11128220550,0xf056f435ba0cc4fcd2f1b17e3766549ffc404b94,799999895000000000000,1552616949,7370919,,,0.0,5000000000,21000
0x851f9c93fcf5e9d615971e99dc335c51e7c9cbc3cdcfed3ccf534ec157558720,0xf27b6923ed24eed02de7686962339db00a52d2aa,0xd294ac18b524ff59ab7fffcbd459f11128220550,500000000000000000000,1552665948,7374566,,,0.0,5000000000,21000
0x0d477f6bb2f878d8b639bc63d39d9a09c7781a6f4b35afdcd6a8559f74db0e6a,0xd294ac18b524ff59ab7fffcbd459f11128220550,0xf056f435ba0cc4fcd2f1b17e3766549ffc404b94,499999895000000000000,1552666419,7374598,,,0.0,5000000000,21000
0xd1495fe764937d3821b7765d3ade6996f6076a04a83f8be49c24cca9b22439c9,0xf27b6923ed24eed02de7686962339db00a52d2aa,0xd294ac18b524ff59ab7fffcbd459f11128220550,500000000000000000000,1552666941,7374634,,,0.0,5000000000,21000
0xa87cf560c92719c8e9f2165b2dcff6ce551f66bd6c572114dce368366d2d49f5,0xd294ac18b524ff59ab7fffcbd459f11128220550,0xf056f435ba0cc4fcd2f1b17e3766549ffc404b94,499999895000000000000,1552667435,7374666,,,0.0,5000000000,21000
0x92017f0817c731dbc7421d61dc493151551213e3c9a9c1650ba3949f548af596,0xf27b6923ed24eed02de7686962339db00a52d2aa,0xd294ac18b524ff59ab7fffcbd459f11128220550,500000000000000000000,1552667653,7374677,,,0.0,5000000000,21000
0xdb7f7bb3e3e6209fcb12315dbe7200bf2bab1363886eaa4696eebfefe413e46b,0xd294ac18b524ff59ab7fffcbd459f11128220550,0xf056f435ba0cc4fcd2f1b17e3766549ffc404b94,499999895000000000000,1552668061,7374709,,,0.0,5000000000,21000
0x836d3236a8c4b4afce1296b81b7e4c47c463d533a5573bd86aed1d83010cec39,0xf27b6923ed24eed02de7686962339db00a52d2aa,0xd294ac18b524ff59ab7fffcbd459f11128220550,1000000000000000000000,1552669115,7374795,,,0.0,4000000000,21000
0x467a5effd74a5c65424a61a07cca6bc8bf10682ee8ce998fb3dd29be5148f203,0xd294ac18b524ff59ab7fffcbd459f11128220550,0xf056f435ba0cc4fcd2f1b17e3766549ffc404b94,999999895000000000000,1552669561,7374826,,,0.0,5000000000,21000
0x478cf60953f2bf32ea9fefc5287ef9613beefc9304ba991d653b66a5ddf42869,0xf27b6923ed24eed02de7686962339db00a52d2aa,0xd294ac18b524ff59ab7fffcbd459f11128220550,500000000000000000000,1552696546,7376827,,,0.0,4000000000,21000
0x723084624e8c1cdb3e4ce61e4c9a9983060b732fbd9a8f20a184b74b146c979e,0xd294ac18b524ff59ab7fffcbd459f11128220550,0xf056f435ba0cc4fcd2f1b17e3766549ffc404b94,499999895000000000000,1552696918,7376860,,,0.0,5000000000,21000
0xc40f2ada8ffad5a10621396230e84b4f14ba2aa9c6a9398f959ace40abc88c2f,0xf27b6923ed24eed02de7686962339db00a52d2aa,0xd294ac18b524ff59ab7fffcbd459f11128220550,800000000000000000000,1552698836,7377016,,,0.0,4000000000,21000
0x8ed460e6331ef10e973964a3825e8a201dea8ed3587d09509d4c36843fe559c5,0xd294ac18b524ff59ab7fffcbd459f11128220550,0xf056f435ba0cc4fcd2f1b17e3766549ffc404b94,799999895000000000000,1552699205,7377048,,,0.0,5000000000,21000
0x8f5a3a5c8c98ab7cdd8f5b7d4d71174601fe1315aa76da6756eac3e4872f029f,0xf27b6923ed24eed02de7686962339db00a52d2aa,0xd294ac18b524ff59ab7fffcbd459f11128220550,500000000000000000000,1552700862,7377176,,,0.0,5000000000,21000
0xb3a75bbd3bb60de2a04a88470fae53929a59dd6c9d2a868a1c986e37c5111672,0xd294ac18b524ff59ab7fffcbd459f11128220550,0xf056f435ba0cc4fcd2f1b17e3766549ffc404b94,499999895000000000000,1552701278,7377210,,,0.0,5000000000,21000
0xb6ca3a9ee2894cc92e09d7e0c9247c0477de8a32d28ec1691b23f014e6368c66,0xf27b6923ed24eed02de7686962339db00a52d2aa,0xd294ac18b524ff59ab7fffcbd459f11128220550,600000000000000000000,1552708635,7377760,,,0.0,5550837364,21000
0xc55af63ecaa45dd211d96f95f288787e0cc4357dcf1c60b4c7ee1785e473eae3,0xd294ac18b524ff59ab7fffcbd459f11128220550,0xf056f435ba0cc4fcd2f1b17e3766549ffc404b94,599999895000000000000,1552708967,7377792,,,0.0,5000000000,21000
0xdcf47c3aff37d781944a3e0f738f497cf5fc3e31658d74ee8c202351166e27e2,0xf27b6923ed24eed02de7686962339db00a52d2aa,0xd294ac18b524ff59ab7fffcbd459f11128220550,1000000000000000000000,1552709852,7377856,,,0.0,5610561000,21000
0x7d4c451569c3dbd30bff7882b2fc61e49c7758c143c49c4818479128c4f27175,0xd294ac18b524ff59ab7fffcbd459f11128220550,0xf056f435ba0cc4fcd2f1b17e3766549ffc404b94,999999895000000000000,1552710266,7377889,,,0.0,5000000000,21000
0x1d3dd9f631c826a40a6af1977aa3696c3969f031fa897fea926c6d96b6072420,0xf27b6923ed24eed02de7686962339db00a52d2aa,0xd294ac18b524ff59ab7fffcbd459f11128220550,500000000000000000000,1552752631,7381057,,,0.0,6400000000,21000
0xdb55015a2aef36900af49b928128cf67c6f8a3a25e1e7662ec8b5c09c977a058,0xd294ac18b524ff59ab7fffcbd459f11128220550,0xf056f435ba0cc4fcd2f1b17e3766549ffc404b94,499999895000000000000,1552753086,7381089,,,0.0,5000000000,21000
0x4750f3ae086ba65ca5ed72ce11ee22b1733e5ab656acc72ef887027c0231a673,0xf27b6923ed24eed02de7686962339db00a52d2aa,0xd294ac18b524ff59ab7fffcbd459f11128220550,600000000000000000000,1552753318,7381098,,,0.0,6000000000,21000
0xa4c6295395e5517520d19e911ed403ab2c772cca3c32e9035f2b220001b5280b,0xd294ac18b524ff59ab7fffcbd459f11128220550,0xf056f435ba0cc4fcd2f1b17e3766549ffc404b94,599999895000000000000,1552753799,7381130,,,0.0,5000000000,21000
0x511b60135a3d6bd30dc00c9fd2859da889746aed211e64bcb9fc9c1809a3c72b,0xf27b6923ed24eed02de7686962339db00a52d2aa,0xd294ac18b524ff59ab7fffcbd459f11128220550,800000000000000000000,1552753941,7381144,,,0.0,5500000007,21000
0x45cb806e1bfcd0462549d9a0b0a0c26f4cd1fd026c0c90f95beccde15d7fc555,0xd294ac18b524ff59ab7fffcbd459f11128220550,0xf056f435ba0cc4fcd2f1b17e3766549ffc404b94,799999895000000000000,1552754495,7381175,,,0.0,5000000000,21000
0x5d88440550678c5ef313ef262302a4e0861ff4b5a453e50127b04b1b0c2fe668,0xf27b6923ed24eed02de7686962339db00a52d2aa,0xd294ac18b524ff59ab7fffcbd459f11128220550,500000000000000000000,1552755477,7381238,,,0.0,5500000000,21000
0x6df8d166c8775d8af71dfa784408fbaeaa1c90476f1af61ee33d0ec9f81b5fe3,0xd294ac18b524ff59ab7fffcbd459f11128220550,0xf056f435ba0cc4fcd2f1b17e3766549ffc404b94,499999895000000000000,1552755967,7381271,,,0.0,5000000000,21000
0xec8e0113cbef1c40040d3751900cdecedd5cbc8328fa3a18cf7b21afc0d651f3,0xf27b6923ed24eed02de7686962339db00a52d2aa,0xd294ac18b524ff59ab7fffcbd459f11128220550,700000000000000000000,1552779652,7383085,,,0.0,4000000000,21000
0x7af05c93087c6fd9451d670bf948b84c93ff34b4f1116078a3aaadea2f243df0,0xd294ac18b524ff59ab7fffcbd459f11128220550,0xf056f435ba0cc4fcd2f1b17e3766549ffc404b94,699999895000000000000,1552780116,7383118,,,0.0,5000000000,21000
0x78d3b168b9675c920e012d3c37a6f4f0128d1f04ccad46fbeb1fa7b0afbe22b6,0xf27b6923ed24eed02de7686962339db00a52d2aa,0xd294ac18b524ff59ab7fffcbd459f11128220550,700000000000000000000,1552784447,7383441,,,0.0,4000000000,21000
0xb8ed6d42fc9d709ffd28da4df26500acb150be8f51aaf2eed358f4a3f9b5bf4d,0xd294ac18b524ff59ab7fffcbd459f11128220550,0xf056f435ba0cc4fcd2f1b17e3766549ffc404b94,699999895000000000000,1552784988,7383473,,,0.0,5000000000,21000
0x5f877b50d115bcc9b1bcf8943afb0212f5b2795c1fbc6c0124f59305011dcffa,0xf27b6923ed24eed02de7686962339db00a52d2aa,0xd294ac18b524ff59ab7fffcbd459f11128220550,500000000000000000000,1552798154,7384419,,,0.0,4000000000,21000
0xbec4097bfa776399c5b4309284477e03aa717126544761d4dc5322ca63ad55e1,0xd294ac18b524ff59ab7fffcbd459f11128220550,0xf056f435ba0cc4fcd2f1b17e3766549ffc404b94,499999895000000000000,1552798513,7384451,,,0.0,5000000000,21000
0x6b6125f6ffad2e23064086cb10cc3c796fcb62912b5ef598e6dc839a1bdd0a90,0xf27b6923ed24eed02de7686962339db00a52d2aa,0xd294ac18b524ff59ab7fffcbd459f11128220550,333446912219035290460,1552799032,7384491,,,0.0,4000000000,21000
0x64b249fbb2c5db73bef671f414ad7dcd96b97f09786596cb10e2fbea9e68f9d7,0xd294ac18b524ff59ab7fffcbd459f11128220550,0xf056f435ba0cc4fcd2f1b17e3766549ffc404b94,333446807219000000000,1552799411,7384523,,,0.0,5000000000,21000
0xfd079f5d639ae91160da20fbb4850d1341e6cdf621ffd3b476e3d777067ec401,0xd96ba527be241c2c31fd66cbb0a9430702906a2a,0xd294ac18b524ff59ab7fffcbd459f11128220550,50000000000000000000,1557192768,7710790,,,0.0,6500000000,21000
0x090aa9b3499fa6b7073868702868586cffd268584168cd392759ed38e308e1c1,0xd294ac18b524ff59ab7fffcbd459f11128220550,0x5861b8446a2f6e19a067874c133f04c578928727,49999884500000000000,1557193004,7710812,,,0.0,5500000000,21000
0xee05b2d075fa85eb5209efdfadd6268758b0449bbbf75511fe6d0390a27649b9,0xd1917932a7db6af687b523d5db5d7f5c2734763f,0xf27b6923ed24eed02de7686962339db00a52d2aa,22100,1571730829,8789070,THBC,0x04ad70466a79dd1251f22ad426248088724ff32b,,2000000000,3931318
0x4851e0dd9fc4c1e791eea2b4de248d7c96dd811e11d266c36c26329eda4fbe0c,0x36b0d52c8b6c0cd7b7c18353f840f49d6dcc4f8d,0xf27b6923ed24eed02de7686962339db00a52d2aa,1000000000000000000,1550914552,7256822,,,0.0,10000000000,21000
0xc95cada092ee8af7a7792f2c00334f86ac206c8bbe4e7f01ae2a85ac12835136,0x36b0d52c8b6c0cd7b7c18353f840f49d6dcc4f8d,0xf27b6923ed24eed02de7686962339db00a52d2aa,12039217702175865550427,1550914935,7256853,,,0.0,10000000000,21000
0x706f7c7150aff9e4950402a7dfeee36b4c127948b0c16860850362390dd5be9f,0xf27b6923ed24eed02de7686962339db00a52d2aa,0xfe61ad22a847c4df702731c7d5e803d283ea1376,100000000000000000000,1550973418,7259781,,,0.0,10000000000,21000
0x90b440a00dfeca9994b8582e174c3d37825b21f820ed4ecff123fb8ed28062c4,0xf27b6923ed24eed02de7686962339db00a52d2aa,0xfe61ad22a847c4df702731c7d5e803d283ea1376,300000000000000000000,1550977102,7259954,,,0.0,10000000000,21000
0xee73629f1ee8df514b6ca9900dd7267ff9ba62b9bc4d09bb65af776cbec92d7b,0xf27b6923ed24eed02de7686962339db00a52d2aa,0xfe61ad22a847c4df702731c7d5e803d283ea1376,300000000000000000000,1550978770,7260028,,,0.0,10100000000,21000
0x69436da1f46e4ebb87f3412c08162561f2216be11f4cc1d3b11aace5b0b1dc4d,0xf27b6923ed24eed02de7686962339db00a52d2aa,0xfe61ad22a847c4df702731c7d5e803d283ea1376,300000000000000000000,1550980269,7260105,,,0.0,10000000000,21000
0x9bc454c0d08145870fb676fe295135fd12cc82d13e4acdaa454967d84d1972b3,0xf27b6923ed24eed02de7686962339db00a52d2aa,0xfe61ad22a847c4df702731c7d5e803d283ea1376,400000000000000000000,1550981933,7260174,,,0.0,10000000000,21000
0x155c9674aaace00b6ccac15a2caa0545322e1e30803e35d7edb7eb699e1ad9b3,0xf27b6923ed24eed02de7686962339db00a52d2aa,0xfe61ad22a847c4df702731c7d5e803d283ea1376,400000000000000000000,1550984980,7260311,,,0.0,10000000000,21000
0x53620852d352aee006a25d9bcc07cca2a0a4996845ae8f3cbb3bb4b3858359f3,0xf27b6923ed24eed02de7686962339db00a52d2aa,0xfe61ad22a847c4df702731c7d5e803d283ea1376,400000000000000000000,1550986464,7260372,,,0.0,10000000000,21000
0x5efc5b8f871c9e51ae937494b57abb168cd45be51604d7973c7615af926d1c80,0xf27b6923ed24eed02de7686962339db00a52d2aa,0xfe61ad22a847c4df702731c7d5e803d283ea1376,500000000000000000000,1550987896,7260429,,,0.0,10000000000,21000
0xf62c8769a07464d47abb88d5823f524dc8aa724fe81d34c91d2910b55d8ff960,0xf27b6923ed24eed02de7686962339db00a52d2aa,0xfe61ad22a847c4df702731c7d5e803d283ea1376,500000000000000000000,1550989308,7260500,,,0.0,12000000000,21000
0x9dd8b622187b5abe4a04105eb284a9e8eb20e7733c72beb119f40e651b2081d3,0xf27b6923ed24eed02de7686962339db00a52d2aa,0xfe61ad22a847c4df702731c7d5e803d283ea1376,500000000000000000000,1550991101,7260596,,,0.0,12000000000,21000
0xb9ae0006edb7939545e26966be7ac2cd56afd2204a76a130a9b13d9952287d09,0xf27b6923ed24eed02de7686962339db00a52d2aa,0xfe61ad22a847c4df702731c7d5e803d283ea1376,550000000000000000000,1550993367,7260695,,,0.0,12000000000,21000
0x732d62a4cb4ca6bbbcfc2552c621b49bece1c98f22813e4b989db59f4923ce61,0xf27b6923ed24eed02de7686962339db00a52d2aa,0xfe61ad22a847c4df702731c7d5e803d283ea1376,590209209771245550427,1550994349,7260743,,,0.0,20000000000,21000
0x2fce3b3cdbf88e70ecc82a334e63459f6cbe0a1dff83c0c506f20358318a23ac,0xbceaa0040764009fdcff407e82ad1f06465fd2c4,0xf27b6923ed24eed02de7686962339db00a52d2aa,100000000000000000000,1552439119,7357680,,,0.0,10000000000,21000
0x492650541da5a2839e3314885fae541e68932a5410eb708f843a250e2863d57d,0xbceaa0040764009fdcff407e82ad1f06465fd2c4,0xf27b6923ed24eed02de7686962339db00a52d2aa,25433613908758401081460,1552439269,7357690,,,0.0,10000000000,21000
0x2d23ecde55e04a4232cbd45b609592b8372959a77b6d37300ccf53a81c45ac20,0xf27b6923ed24eed02de7686962339db00a52d2aa,0xed3fae3fdf61bfe32bb34c06f210a308590de747,161413870000000000,1552569528,7367360,,,0.0,5000000000,21000
0x2d23ecde55e04a4232cbd45b609592b8372959a77b6d37300ccf53a81c45ac20,0xf27b6923ed24eed02de7686962339db00a52d2aa,0xed3fae3fdf61bfe32bb34c06f210a308590de747,161413870000000000,1552569528,7367360,,,0.0,5000000000,21000
0xc7c710c36f124884aefc9d4ff78ea645e1b02b3e5daa1da619c4952a85910e3f,0x7fcd53bd7ca842f1b072d1b5adac829e6f2da4fa,0xbceaa0040764009fdcff407e82ad1f06465fd2c4,2000000000000000000,1535207206,6211446,LYNET,0x055f39ab266d018e428e1d1e78cd4564dee4fb45,,3000000000,51417
0x521aff881f9bba6e385a2e243731015ee2fa541f4a4b266d6703d71326862d86,0x0000000000000000000000000000000000000000,0xbceaa0040764009fdcff407e82ad1f06465fd2c4,5,1539354062,6501657,PMOD,0xaf47ebbd460f21c2b3262726572ca8812d7143b0,,8000000000,1700282
0xbae177618f235f56cae4eca2cb4f5c80a7ea4d655ebd83eac66d6d6753154cf8,0x668f42819a49be08bb8c6ae2516659c473b496c3,0xbceaa0040764009fdcff407e82ad1f06465fd2c4,88000000,1542084403,6694902,FUND,0xd20bcbd56d9d551cac10a6bc2a83635bfb72f3f4,,3000000000,7615611
0xe506c2d80ea9f4369a0520a10820a74f4cc90a0a9eceb8daa13ee1ea8882b62e,0x8fba840decc346a788815d98101906895ded31fc,0xbceaa0040764009fdcff407e82ad1f06465fd2c4,800000000,1544198683,6843500,GENES,0x1b5855d39e0a79a9f282478bd7191212a49b53a2,,5000000000,7733875
0xe915db5d01e9153ed336fa350bdb0d873636cb75dfd72bbd833f437c4e48ad58,0xdbd2af410edf9ac9c8b3996f0d427e6567921d35,0xbceaa0040764009fdcff407e82ad1f06465fd2c4,11000000000000000,1544425445,6859457,LC,0xdb74865ff14d7045ee1723ffda9e4b33c0dd0968,,6000000000,51808
0xd6b817b3fa04abb1458c4596f7f4c5a9dd80f25e32149db93aa97fdebfd2070b,0xbb530108497bd5007b74443119a8de8f33cc98bf,0xbceaa0040764009fdcff407e82ad1f06465fd2c4,99000000000000000000,1545006994,6900280,ERC20,0xc3761eb917cd790b30dad99f6cc5b4ff93c4f9ea,,6000000000,3383051
0xc4cf504e6b1de02c52e2d6271761791a6a9231428ac5383ffb39c9c03e6c92e6,0xe9c1a41b0ba27e80b138c0e17e7cc681b26099cf,0xbceaa0040764009fdcff407e82ad1f06465fd2c4,1000000000000000000,1545461221,6931049,WGBC,0xea5e4a7a1f29bd8357f1817ff0e873be83f1fc7d,,3000000000,3942377
0xbfc2ba5522964e00671534fe6178b159c750994b5a90b8ca9da9c986d6773b85,0x2ded26cfe5283784b4ddd163aea6c3d249efadaa,0xbceaa0040764009fdcff407e82ad1f06465fd2c4,100000000000000000000,1546414851,6996390,CSU,0x4694f5614eb7db6fe28c6887efb874799cf49aa9,,9000000000,52910
0x425c500e58f98022a94bd13b972bf8c358a100856c37454bc3deb853b6e89bbd,0x3cd88606501c632b3a2f641900cf60fabeddb62b,0xbceaa0040764009fdcff407e82ad1f06465fd2c4,1000000000000000,1547817633,7087314,EAST,0x2d1e23144b89fc7364ed3efcd5af04093f7d9a3d,,4000000000,5726613
0xfa0fb1f9ff6fd72f3e926de5e0149a6cd709fcb72b474dd22a3f405d950851a9,0xb8c77482e45f1f44de1745f52c74426c631bdd52,0xbceaa0040764009fdcff407e82ad1f06465fd2c4,1337000000000000000,1547955256,7096322,NOTSAFU say Blockwell,0x5040a75e178c373677d7506b7d5dce443249d365,,40000000000,1110889
0x1537b4a35f1c6156a67dc065c7d2d5ac4b0b08b12364fe16cc411c10c6db2178,0x641a4fcbc90313ebdafeb801c1f99f9b962e7890,0xbceaa0040764009fdcff407e82ad1f06465fd2c4,174209168,1548042328,7101885,DMTS,0x4c6112f9652463f5bdcb954ff6b650acb64e47cc,,5100000000,6847736
0x49a80fc63e9b4b4a196ec9c051b0a6cfacdb5f04b48e31b5f7d8bf72bb26bea8,0x154df99e8b815e136db86314b2a36558a883a2ef,0xbceaa0040764009fdcff407e82ad1f06465fd2c4,286000000000,1549591403,7190818,CXCOIN.COM,0xbdde81c0fb14f8cd5a329e5af50caeff8e5b4110,,4000000000,7016938
0x8c77cd28ba5af60d118adf4dea90d17bd5bd6ab06cf44b0c97b02cf23979ef17,0xdc76cd25977e0a5ae17155770273ad58648900d3,0xbceaa0040764009fdcff407e82ad1f06465fd2c4,1000000000000000000000,1552048764,7328697,HuobiAirdrop.com,0x219b9040eb7d8d8c2e8e84b87ce9ac1c83071980,,6000000000,372436
0xcda159f7757a2cf35b84e3119787759b8b6fe02a4b16f592aa09e272a393c983,0xdc76cd25977e0a5ae17155770273ad58648900d3,0xbceaa0040764009fdcff407e82ad1f06465fd2c4,1000000000000000000000,1552048810,7328702,HuobiAirdrop.com,0x219b9040eb7d8d8c2e8e84b87ce9ac1c83071980,,6000000000,372436
0xe51693a0af1435056a7ed4a8e03e218a398832048790d9a2d301a9610a767a76,0xb8c77482e45f1f44de1745f52c74426c631bdd52,0xbceaa0040764009fdcff407e82ad1f06465fd2c4,1337000000000000000,1557730233,7750554,brief.blockwell.ai,0xb84f655d4aad12b3533218ffeeb1e90e16439217,,2500000000,2201070
0xa2064f671379929f3fb1f8dec33656abef285f6368a8efab64c31a090d3f1d4d,0xe47be419e2f604e14fe7eb1cca65caffe772d6f4,0xbceaa0040764009fdcff407e82ad1f06465fd2c4,8000000000000000000,1559794918,7903480,GOLD,0x12565fd1436926beb0fff522d63be551240a4594,,5000000000,7673211
0xebfc9fbaabb2155973fe009a2afbdd54b9605cd8cd576b2ff5da713265626ecf,0xd1917932a7db6af687b523d5db5d7f5c2734763f,0xbceaa0040764009fdcff407e82ad1f06465fd2c4,23000,1571727306,8788801,THBC,0x04ad70466a79dd1251f22ad426248088724ff32b,,2001000000,5698049
0x3f0c22a6d8c3741e73bf1ce3a20cc07583eed2e414298b6da91f7942e0eff36d,0x59a5208b32e627891c389ebafc644145224006e8,0xbceaa0040764009fdcff407e82ad1f06465fd2c4,24650000000000000000,1592907715,10321420,DAI,0x6b175474e89094c44da98b954eedeac495271d0f,,52000000000,52006
0xe267d0f6a7b0d3042109c42a7e90fc32e59f6a51ae839c6532dbf82c9b0d02af,0x13c0a194e6757e9dcc09fd7a08c9307d0853dc4d,0xbceaa0040764009fdcff407e82ad1f06465fd2c4,23226625197199008571509,1644031173,14143542,BTT,0xc669928185dbce49d2230cc9b0979be6dc797957,,75000000000,2903175
0x1890d018b54fc773ca153701f64b0668d278e15ee9f99abad11635d24ec0babe,0x8ddfdf60aaffe05c623ba193a186abd1f8024946,0xbceaa0040764009fdcff407e82ad1f06465fd2c4,25533614328758401081460,1533974291,6127109,,,0.0,9000000000,21000
